IndicatorCode,Indicator,ValueType,ParentLocationCode,ParentLocation,Location type,SpatialDimValueCode,Location,Period type,Period,IsLatestYear,Dim1 type,Dim1,Dim1ValueCode,Dim2 type,Dim2,Dim2ValueCode,Dim3 type,Dim3,Dim3ValueCode,DataSourceDimValueCode,DataSource,FactValueNumericPrefix,FactValueNumeric,FactValueUoM,FactValueNumericLowPrefix,FactValueNumericLow,FactValueNumericHighPrefix,FactValueNumericHigh,Value,FactValueTranslationID,FactComments,Language,DateModified
MALARIA_ITN_COVERAGE,"Population with access to an insecticide-treated bed net (ITN) for malaria protection (%), modelled",numeric,AFR,Africa,Country,AGO,Angola,Year,2024,true,,,,,,,,,,,,,10.21,,,,,,10.21,,,EN,2025-12-18T16:00:00.000Z
MALARIA_ITN_COVERAGE,"Population with access to an insecticide-treated bed net (ITN) for malaria protection (%), modelled",numeric,AFR,Africa,Country,GAB,Gabon,Year,2024,true,,,,,,,,,,,,,11.62,,,,,,11.62,,,EN,2025-12-18T16:00:00.000Z
MALARIA_ITN_COVERAGE,"Population with access to an insecticide-treated bed net (ITN) for malaria protection (%), modelled",numeric,EMR,Eastern Mediterranean,Country,DJI,Djibouti,Year,2024,true,,,,,,,,,,,,,14,,,,,,14,,,EN,2025-12-18T16:00:00.000Z
MALARIA_ITN_COVERAGE,"Population with access to an insecticide-treated bed net (ITN) for malaria protection (%), modelled",numeric,AFR,Africa,Country,ETH,Ethiopia,Year,2024,true,,,,,,,,,,,,,22.4,,,,,,22.4,,,EN,2025-12-18T16:00:00.000Z
MALARIA_ITN_COVERAGE,"Population with access to an insecticide-treated bed net (ITN) for malaria protection (%), modelled",numeric,EMR,Eastern Mediterranean,Country,SOM,Somalia,Year,2024,true,,,,,,,,,,,,,25.94,,,,,,25.94,,,EN,2025-12-18T16:00:00.000Z
MALARIA_ITN_COVERAGE,"Population with access to an insecticide-treated bed net (ITN) for malaria protection (%), modelled",numeric,AFR,Africa,Country,GNQ,Equatorial Guinea,Year,2024,true,,,,,,,,,,,,,29.79,,,,,,29.79,,,EN,2025-12-18T16:00:00.000Z
MALARIA_ITN_COVERAGE,"Population with access to an insecticide-treated bed net (ITN) for malaria protection (%), modelled",numeric,AFR,Africa,Country,SEN,Senegal,Year,2024,true,,,,,,,,,,,,,32.69,,,,,,32.69,,,EN,2025-12-18T16:00:00.000Z
MALARIA_ITN_COVERAGE,"Population with access to an insecticide-treated bed net (ITN) for malaria protection (%), modelled",numeric,AFR,Africa,Country,GNB,Guinea-Bissau,Year,2024,true,,,,,,,,,,,,,35.54,,,,,,35.54,,,EN,2025-12-18T16:00:00.000Z
MALARIA_ITN_COVERAGE,"Population with access to an insecticide-treated bed net (ITN) for malaria protection (%), modelled",numeric,AFR,Africa,Country,MRT,Mauritania,Year,2024,true,,,,,,,,,,,,,36.53,,,,,,36.53,,,EN,2025-12-18T16:00:00.000Z
MALARIA_ITN_COVERAGE,"Population with access to an insecticide-treated bed net (ITN) for malaria protection (%), modelled",numeric,AFR,Africa,Country,MWI,Malawi,Year,2024,true,,,,,,,,,,,,,36.7,,,,,,36.7,,,EN,2025-12-18T16:00:00.000Z
MALARIA_ITN_COVERAGE,"Population with access to an insecticide-treated bed net (ITN) for malaria protection (%), modelled",numeric,AFR,Africa,Country,MDG,Madagascar,Year,2024,true,,,,,,,,,,,,,36.8,,,,,,36.8,,,EN,2025-12-18T16:00:00.000Z
MALARIA_ITN_COVERAGE,"Population with access to an insecticide-treated bed net (ITN) for malaria protection (%), modelled",numeric,AFR,Africa,Country,CIV,Cote d'Ivoire,Year,2024,true,,,,,,,,,,,,,36.9,,,,,,36.9,,,EN,2025-12-18T16:00:00.000Z
MALARIA_ITN_COVERAGE,"Population with access to an insecticide-treated bed net (ITN) for malaria protection (%), modelled",numeric,AFR,Africa,Country,COM,Comoros,Year,2024,true,,,,,,,,,,,,,37.39,,,,,,37.39,,,EN,2025-12-18T16:00:00.000Z
MALARIA_ITN_COVERAGE,"Population with access to an insecticide-treated bed net (ITN) for malaria protection (%), modelled",numeric,AFR,Africa,Country,ERI,Eritrea,Year,2024,true,,,,,,,,,,,,,38.97,,,,,,38.97,,,EN,2025-12-18T16:00:00.000Z
MALARIA_ITN_COVERAGE,"Population with access to an insecticide-treated bed net (ITN) for malaria protection (%), modelled",numeric,AFR,Africa,Country,BDI,Burundi,Year,2024,true,,,,,,,,,,,,,39.6,,,,,,39.6,,,EN,2025-12-18T16:00:00.000Z
MALARIA_ITN_COVERAGE,"Population with access to an insecticide-treated bed net (ITN) for malaria protection (%), modelled",numeric,AFR,Africa,Country,NGA,Nigeria,Year,2024,true,,,,,,,,,,,,,47.69,,,,,,47.69,,,EN,2025-12-18T16:00:00.000Z
MALARIA_ITN_COVERAGE,"Population with access to an insecticide-treated bed net (ITN) for malaria protection (%), modelled",numeric,AFR,Africa,Country,RWA,Rwanda,Year,2024,true,,,,,,,,,,,,,51.3,,,,,,51.3,,,EN,2025-12-18T16:00:00.000Z
MALARIA_ITN_COVERAGE,"Population with access to an insecticide-treated bed net (ITN) for malaria protection (%), modelled",numeric,AFR,Africa,Country,GIN,Guinea,Year,2024,true,,,,,,,,,,,,,53.07,,,,,,53.07,,,EN,2025-12-18T16:00:00.000Z
MALARIA_ITN_COVERAGE,"Population with access to an insecticide-treated bed net (ITN) for malaria protection (%), modelled",numeric,AFR,Africa,Country,ZWE,Zimbabwe,Year,2024,true,,,,,,,,,,,,,54.17,,,,,,54.17,,,EN,2025-12-18T16:00:00.000Z
MALARIA_ITN_COVERAGE,"Population with access to an insecticide-treated bed net (ITN) for malaria protection (%), modelled",numeric,AFR,Africa,Country,TCD,Chad,Year,2024,true,,,,,,,,,,,,,57.62,,,,,,57.62,,,EN,2025-12-18T16:00:00.000Z
MALARIA_ITN_COVERAGE,"Population with access to an insecticide-treated bed net (ITN) for malaria protection (%), modelled",numeric,AFR,Africa,Country,MOZ,Mozambique,Year,2024,true,,,,,,,,,,,,,58.96,,,,,,58.96,,,EN,2025-12-18T16:00:00.000Z
MALARIA_ITN_COVERAGE,"Population with access to an insecticide-treated bed net (ITN) for malaria protection (%), modelled",numeric,AFR,Africa,Country,BEN,Benin,Year,2024,true,,,,,,,,,,,,,60.52,,,,,,60.52,,,EN,2025-12-18T16:00:00.000Z
MALARIA_ITN_COVERAGE,"Population with access to an insecticide-treated bed net (ITN) for malaria protection (%), modelled",numeric,AFR,Africa,Country,BFA,Burkina Faso,Year,2024,true,,,,,,,,,,,,,61.38,,,,,,61.38,,,EN,2025-12-18T16:00:00.000Z
MALARIA_ITN_COVERAGE,"Population with access to an insecticide-treated bed net (ITN) for malaria protection (%), modelled",numeric,AFR,Africa,Country,KEN,Kenya,Year,2024,true,,,,,,,,,,,,,62.18,,,,,,62.18,,,EN,2025-12-18T16:00:00.000Z
MALARIA_ITN_COVERAGE,"Population with access to an insecticide-treated bed net (ITN) for malaria protection (%), modelled",numeric,EMR,Eastern Mediterranean,Country,SDN,Sudan,Year,2024,true,,,,,,,,,,,,,65.05,,,,,,65.05,,,EN,2025-12-18T16:00:00.000Z
MALARIA_ITN_COVERAGE,"Population with access to an insecticide-treated bed net (ITN) for malaria protection (%), modelled",numeric,AFR,Africa,Country,SSD,South Sudan,Year,2024,true,,,,,,,,,,,,,65.36,,,,,,65.36,,,EN,2025-12-18T16:00:00.000Z
MALARIA_ITN_COVERAGE,"Population with access to an insecticide-treated bed net (ITN) for malaria protection (%), modelled",numeric,AFR,Africa,Country,TZA,United Republic of Tanzania,Year,2024,true,,,,,,,,,,,,,65.97,,,,,,65.97,,,EN,2025-12-18T16:00:00.000Z
MALARIA_ITN_COVERAGE,"Population with access to an insecticide-treated bed net (ITN) for malaria protection (%), modelled",numeric,AFR,Africa,Country,CMR,Cameroon,Year,2024,true,,,,,,,,,,,,,67.91,,,,,,67.91,,,EN,2025-12-18T16:00:00.000Z
MALARIA_ITN_COVERAGE,"Population with access to an insecticide-treated bed net (ITN) for malaria protection (%), modelled",numeric,AFR,Africa,Country,COD,Democratic Republic of the Congo,Year,2024,true,,,,,,,,,,,,,69.88,,,,,,69.88,,,EN,2025-12-18T16:00:00.000Z
MALARIA_ITN_COVERAGE,"Population with access to an insecticide-treated bed net (ITN) for malaria protection (%), modelled",numeric,AFR,Africa,Country,ZMB,Zambia,Year,2024,true,,,,,,,,,,,,,70.66,,,,,,70.66,,,EN,2025-12-18T16:00:00.000Z
MALARIA_ITN_COVERAGE,"Population with access to an insecticide-treated bed net (ITN) for malaria protection (%), modelled",numeric,AFR,Africa,Country,GHA,Ghana,Year,2024,true,,,,,,,,,,,,,73.99,,,,,,73.99,,,EN,2025-12-18T16:00:00.000Z
MALARIA_ITN_COVERAGE,"Population with access to an insecticide-treated bed net (ITN) for malaria protection (%), modelled",numeric,AFR,Africa,Country,GMB,Gambia,Year,2024,true,,,,,,,,,,,,,74.17,,,,,,74.17,,,EN,2025-12-18T16:00:00.000Z
MALARIA_ITN_COVERAGE,"Population with access to an insecticide-treated bed net (ITN) for malaria protection (%), modelled",numeric,AFR,Africa,Country,LBR,Liberia,Year,2024,true,,,,,,,,,,,,,75.03,,,,,,75.03,,,EN,2025-12-18T16:00:00.000Z
MALARIA_ITN_COVERAGE,"Population with access to an insecticide-treated bed net (ITN) for malaria protection (%), modelled",numeric,AFR,Africa,Country,MLI,Mali,Year,2024,true,,,,,,,,,,,,,76.62,,,,,,76.62,,,EN,2025-12-18T16:00:00.000Z
MALARIA_ITN_COVERAGE,"Population with access to an insecticide-treated bed net (ITN) for malaria protection (%), modelled",numeric,AFR,Africa,Country,COG,Congo,Year,2024,true,,,,,,,,,,,,,79.29,,,,,,79.29,,,EN,2025-12-18T16:00:00.000Z
MALARIA_ITN_COVERAGE,"Population with access to an insecticide-treated bed net (ITN) for malaria protection (%), modelled",numeric,AFR,Africa,Country,UGA,Uganda,Year,2024,true,,,,,,,,,,,,,79.79,,,,,,79.79,,,EN,2025-12-18T16:00:00.000Z
MALARIA_ITN_COVERAGE,"Population with access to an insecticide-treated bed net (ITN) for malaria protection (%), modelled",numeric,AFR,Africa,Country,CAF,Central African Republic,Year,2024,true,,,,,,,,,,,,,81.86,,,,,,81.86,,,EN,2025-12-18T16:00:00.000Z
MALARIA_ITN_COVERAGE,"Population with access to an insecticide-treated bed net (ITN) for malaria protection (%), modelled",numeric,AFR,Africa,Country,SLE,Sierra Leone,Year,2024,true,,,,,,,,,,,,,85,,,,,,85,,,EN,2025-12-18T16:00:00.000Z
MALARIA_ITN_COVERAGE,"Population with access to an insecticide-treated bed net (ITN) for malaria protection (%), modelled",numeric,AFR,Africa,Country,NER,Niger,Year,2024,true,,,,,,,,,,,,,94.16,,,,,,94.16,,,EN,2025-12-18T16:00:00.000Z
MALARIA_ITN_COVERAGE,"Population with access to an insecticide-treated bed net (ITN) for malaria protection (%), modelled",numeric,AFR,Africa,Country,TGO,Togo,Year,2024,true,,,,,,,,,,,,,95.51,,,,,,95.51,,,EN,2025-12-18T16:00:00.000Z
MALARIA_ITN_COVERAGE,"Population with access to an insecticide-treated bed net (ITN) for malaria protection (%), modelled",numeric,AFR,Africa,Country,GAB,Gabon,Year,2023,false,,,,,,,,,,,,,12.39,,,,,,12.39,,,EN,2025-12-18T16:00:00.000Z
MALARIA_ITN_COVERAGE,"Population with access to an insecticide-treated bed net (ITN) for malaria protection (%), modelled",numeric,AFR,Africa,Country,AGO,Angola,Year,2023,false,,,,,,,,,,,,,26.43,,,,,,26.43,,,EN,2025-12-18T16:00:00.000Z
MALARIA_ITN_COVERAGE,"Population with access to an insecticide-treated bed net (ITN) for malaria protection (%), modelled",numeric,EMR,Eastern Mediterranean,Country,DJI,Djibouti,Year,2023,false,,,,,,,,,,,,,26.54,,,,,,26.54,,,EN,2025-12-18T16:00:00.000Z
MALARIA_ITN_COVERAGE,"Population with access to an insecticide-treated bed net (ITN) for malaria protection (%), modelled",numeric,AFR,Africa,Country,GNQ,Equatorial Guinea,Year,2023,false,,,,,,,,,,,,,28.19,,,,,,28.19,,,EN,2025-12-18T16:00:00.000Z
MALARIA_ITN_COVERAGE,"Population with access to an insecticide-treated bed net (ITN) for malaria protection (%), modelled",numeric,AFR,Africa,Country,ETH,Ethiopia,Year,2023,false,,,,,,,,,,,,,31.76,,,,,,31.76,,,EN,2025-12-18T16:00:00.000Z
MALARIA_ITN_COVERAGE,"Population with access to an insecticide-treated bed net (ITN) for malaria protection (%), modelled",numeric,EMR,Eastern Mediterranean,Country,SOM,Somalia,Year,2023,false,,,,,,,,,,,,,33.69,,,,,,33.69,,,EN,2025-12-18T16:00:00.000Z
MALARIA_ITN_COVERAGE,"Population with access to an insecticide-treated bed net (ITN) for malaria protection (%), modelled",numeric,AFR,Africa,Country,GNB,Guinea-Bissau,Year,2023,false,,,,,,,,,,,,,34.89,,,,,,34.89,,,EN,2025-12-18T16:00:00.000Z
MALARIA_ITN_COVERAGE,"Population with access to an insecticide-treated bed net (ITN) for malaria protection (%), modelled",numeric,AFR,Africa,Country,MRT,Mauritania,Year,2023,false,,,,,,,,,,,,,39.28,,,,,,39.28,,,EN,2025-12-18T16:00:00.000Z
MALARIA_ITN_COVERAGE,"Population with access to an insecticide-treated bed net (ITN) for malaria protection (%), modelled",numeric,AFR,Africa,Country,ERI,Eritrea,Year,2023,false,,,,,,,,,,,,,41.28,,,,,,41.28,,,EN,2025-12-18T16:00:00.000Z
MALARIA_ITN_COVERAGE,"Population with access to an insecticide-treated bed net (ITN) for malaria protection (%), modelled",numeric,AFR,Africa,Country,MWI,Malawi,Year,2023,false,,,,,,,,,,,,,46.41,,,,,,46.41,,,EN,2025-12-18T16:00:00.000Z
MALARIA_ITN_COVERAGE,"Population with access to an insecticide-treated bed net (ITN) for malaria protection (%), modelled",numeric,AFR,Africa,Country,CIV,Cote d'Ivoire,Year,2023,false,,,,,,,,,,,,,48.59,,,,,,48.59,,,EN,2025-12-18T16:00:00.000Z
MALARIA_ITN_COVERAGE,"Population with access to an insecticide-treated bed net (ITN) for malaria protection (%), modelled",numeric,AFR,Africa,Country,COM,Comoros,Year,2023,false,,,,,,,,,,,,,48.77,,,,,,48.77,,,EN,2025-12-18T16:00:00.000Z
MALARIA_ITN_COVERAGE,"Population with access to an insecticide-treated bed net (ITN) for malaria protection (%), modelled",numeric,AFR,Africa,Country,KEN,Kenya,Year,2023,false,,,,,,,,,,,,,50.23,,,,,,50.23,,,EN,2025-12-18T16:00:00.000Z
MALARIA_ITN_COVERAGE,"Population with access to an insecticide-treated bed net (ITN) for malaria protection (%), modelled",numeric,AFR,Africa,Country,NGA,Nigeria,Year,2023,false,,,,,,,,,,,,,55.38,,,,,,55.38,,,EN,2025-12-18T16:00:00.000Z
MALARIA_ITN_COVERAGE,"Population with access to an insecticide-treated bed net (ITN) for malaria protection (%), modelled",numeric,AFR,Africa,Country,MDG,Madagascar,Year,2023,false,,,,,,,,,,,,,56.89,,,,,,56.89,,,EN,2025-12-18T16:00:00.000Z
MALARIA_ITN_COVERAGE,"Population with access to an insecticide-treated bed net (ITN) for malaria protection (%), modelled",numeric,AFR,Africa,Country,ZWE,Zimbabwe,Year,2023,false,,,,,,,,,,,,,59.6,,,,,,59.6,,,EN,2025-12-18T16:00:00.000Z
MALARIA_ITN_COVERAGE,"Population with access to an insecticide-treated bed net (ITN) for malaria protection (%), modelled",numeric,AFR,Africa,Country,TCD,Chad,Year,2023,false,,,,,,,,,,,,,60.25,,,,,,60.25,,,EN,2025-12-18T16:00:00.000Z
MALARIA_ITN_COVERAGE,"Population with access to an insecticide-treated bed net (ITN) for malaria protection (%), modelled",numeric,AFR,Africa,Country,SEN,Senegal,Year,2023,false,,,,,,,,,,,,,60.55,,,,,,60.55,,,EN,2025-12-18T16:00:00.000Z
MALARIA_ITN_COVERAGE,"Population with access to an insecticide-treated bed net (ITN) for malaria protection (%), modelled",numeric,AFR,Africa,Country,MOZ,Mozambique,Year,2023,false,,,,,,,,,,,,,60.9,,,,,,60.9,,,EN,2025-12-18T16:00:00.000Z
MALARIA_ITN_COVERAGE,"Population with access to an insecticide-treated bed net (ITN) for malaria protection (%), modelled",numeric,AFR,Africa,Country,LBR,Liberia,Year,2023,false,,,,,,,,,,,,,61.25,,,,,,61.25,,,EN,2025-12-18T16:00:00.000Z
MALARIA_ITN_COVERAGE,"Population with access to an insecticide-treated bed net (ITN) for malaria protection (%), modelled",numeric,AFR,Africa,Country,TZA,United Republic of Tanzania,Year,2023,false,,,,,,,,,,,,,63.78,,,,,,63.78,,,EN,2025-12-18T16:00:00.000Z
MALARIA_ITN_COVERAGE,"Population with access to an insecticide-treated bed net (ITN) for malaria protection (%), modelled",numeric,AFR,Africa,Country,BEN,Benin,Year,2023,false,,,,,,,,,,,,,64.34,,,,,,64.34,,,EN,2025-12-18T16:00:00.000Z
MALARIA_ITN_COVERAGE,"Population with access to an insecticide-treated bed net (ITN) for malaria protection (%), modelled",numeric,AFR,Africa,Country,BDI,Burundi,Year,2023,false,,,,,,,,,,,,,66.77,,,,,,66.77,,,EN,2025-12-18T16:00:00.000Z
MALARIA_ITN_COVERAGE,"Population with access to an insecticide-treated bed net (ITN) for malaria protection (%), modelled",numeric,AFR,Africa,Country,ZMB,Zambia,Year,2023,false,,,,,,,,,,,,,67.01,,,,,,67.01,,,EN,2025-12-18T16:00:00.000Z
MALARIA_ITN_COVERAGE,"Population with access to an insecticide-treated bed net (ITN) for malaria protection (%), modelled",numeric,AFR,Africa,Country,GHA,Ghana,Year,2023,false,,,,,,,,,,,,,68.01,,,,,,68.01,,,EN,2025-12-18T16:00:00.000Z
MALARIA_ITN_COVERAGE,"Population with access to an insecticide-treated bed net (ITN) for malaria protection (%), modelled",numeric,AFR,Africa,Country,RWA,Rwanda,Year,2023,false,,,,,,,,,,,,,69.85,,,,,,69.85,,,EN,2025-12-18T16:00:00.000Z
MALARIA_ITN_COVERAGE,"Population with access to an insecticide-treated bed net (ITN) for malaria protection (%), modelled",numeric,AFR,Africa,Country,CMR,Cameroon,Year,2023,false,,,,,,,,,,,,,72.94,,,,,,72.94,,,EN,2025-12-18T16:00:00.000Z
MALARIA_ITN_COVERAGE,"Population with access to an insecticide-treated bed net (ITN) for malaria protection (%), modelled",numeric,AFR,Africa,Country,MLI,Mali,Year,2023,false,,,,,,,,,,,,,74.03,,,,,,74.03,,,EN,2025-12-18T16:00:00.000Z
MALARIA_ITN_COVERAGE,"Population with access to an insecticide-treated bed net (ITN) for malaria protection (%), modelled",numeric,AFR,Africa,Country,SSD,South Sudan,Year,2023,false,,,,,,,,,,,,,75.09,,,,,,75.09,,,EN,2025-12-18T16:00:00.000Z
MALARIA_ITN_COVERAGE,"Population with access to an insecticide-treated bed net (ITN) for malaria protection (%), modelled",numeric,AFR,Africa,Country,GIN,Guinea,Year,2023,false,,,,,,,,,,,,,75.62,,,,,,75.62,,,EN,2025-12-18T16:00:00.000Z
MALARIA_ITN_COVERAGE,"Population with access to an insecticide-treated bed net (ITN) for malaria protection (%), modelled",numeric,AFR,Africa,Country,UGA,Uganda,Year,2023,false,,,,,,,,,,,,,76.22,,,,,,76.22,,,EN,2025-12-18T16:00:00.000Z
MALARIA_ITN_COVERAGE,"Population with access to an insecticide-treated bed net (ITN) for malaria protection (%), modelled",numeric,AFR,Africa,Country,SLE,Sierra Leone,Year,2023,false,,,,,,,,,,,,,78.96,,,,,,78.96,,,EN,2025-12-18T16:00:00.000Z
MALARIA_ITN_COVERAGE,"Population with access to an insecticide-treated bed net (ITN) for malaria protection (%), modelled",numeric,EMR,Eastern Mediterranean,Country,SDN,Sudan,Year,2023,false,,,,,,,,,,,,,79.96,,,,,,79.96,,,EN,2025-12-18T16:00:00.000Z
MALARIA_ITN_COVERAGE,"Population with access to an insecticide-treated bed net (ITN) for malaria protection (%), modelled",numeric,AFR,Africa,Country,BFA,Burkina Faso,Year,2023,false,,,,,,,,,,,,,83.68,,,,,,83.68,,,EN,2025-12-18T16:00:00.000Z
MALARIA_ITN_COVERAGE,"Population with access to an insecticide-treated bed net (ITN) for malaria protection (%), modelled",numeric,AFR,Africa,Country,COD,Democratic Republic of the Congo,Year,2023,false,,,,,,,,,,,,,83.82,,,,,,83.82,,,EN,2025-12-18T16:00:00.000Z
MALARIA_ITN_COVERAGE,"Population with access to an insecticide-treated bed net (ITN) for malaria protection (%), modelled",numeric,AFR,Africa,Country,CAF,Central African Republic,Year,2023,false,,,,,,,,,,,,,85.44,,,,,,85.44,,,EN,2025-12-18T16:00:00.000Z
MALARIA_ITN_COVERAGE,"Population with access to an insecticide-treated bed net (ITN) for malaria protection (%), modelled",numeric,AFR,Africa,Country,TGO,Togo,Year,2023,false,,,,,,,,,,,,,87.11,,,,,,87.11,,,EN,2025-12-18T16:00:00.000Z
MALARIA_ITN_COVERAGE,"Population with access to an insecticide-treated bed net (ITN) for malaria protection (%), modelled",numeric,AFR,Africa,Country,NER,Niger,Year,2023,false,,,,,,,,,,,,,87.94,,,,,,87.94,,,EN,2025-12-18T16:00:00.000Z
MALARIA_ITN_COVERAGE,"Population with access to an insecticide-treated bed net (ITN) for malaria protection (%), modelled",numeric,AFR,Africa,Country,COG,Congo,Year,2023,false,,,,,,,,,,,,,89.15,,,,,,89.15,,,EN,2025-12-18T16:00:00.000Z
MALARIA_ITN_COVERAGE,"Population with access to an insecticide-treated bed net (ITN) for malaria protection (%), modelled",numeric,AFR,Africa,Country,GMB,Gambia,Year,2023,false,,,,,,,,,,,,,91.07,,,,,,91.07,,,EN,2025-12-18T16:00:00.000Z
MALARIA_ITN_COVERAGE,"Population with access to an insecticide-treated bed net (ITN) for malaria protection (%), modelled",numeric,AFR,Africa,Country,MRT,Mauritania,Year,2022,false,,,,,,,,,,,,,10.5,,,,,,10.5,,,EN,2025-12-18T16:00:00.000Z
MALARIA_ITN_COVERAGE,"Population with access to an insecticide-treated bed net (ITN) for malaria protection (%), modelled",numeric,AFR,Africa,Country,GAB,Gabon,Year,2022,false,,,,,,,,,,,,,13.38,,,,,,13.38,,,EN,2025-12-18T16:00:00.000Z
MALARIA_ITN_COVERAGE,"Population with access to an insecticide-treated bed net (ITN) for malaria protection (%), modelled",numeric,AFR,Africa,Country,ETH,Ethiopia,Year,2022,false,,,,,,,,,,,,,22.66,,,,,,22.66,,,EN,2025-12-18T16:00:00.000Z
MALARIA_ITN_COVERAGE,"Population with access to an insecticide-treated bed net (ITN) for malaria protection (%), modelled",numeric,AFR,Africa,Country,TCD,Chad,Year,2022,false,,,,,,,,,,,,,23.05,,,,,,23.05,,,EN,2025-12-18T16:00:00.000Z
MALARIA_ITN_COVERAGE,"Population with access to an insecticide-treated bed net (ITN) for malaria protection (%), modelled",numeric,AFR,Africa,Country,ZMB,Zambia,Year,2022,false,,,,,,,,,,,,,25.65,,,,,,25.65,,,EN,2025-12-18T16:00:00.000Z
MALARIA_ITN_COVERAGE,"Population with access to an insecticide-treated bed net (ITN) for malaria protection (%), modelled",numeric,AFR,Africa,Country,GNQ,Equatorial Guinea,Year,2022,false,,,,,,,,,,,,,27.74,,,,,,27.74,,,EN,2025-12-18T16:00:00.000Z
MALARIA_ITN_COVERAGE,"Population with access to an insecticide-treated bed net (ITN) for malaria protection (%), modelled",numeric,EMR,Eastern Mediterranean,Country,DJI,Djibouti,Year,2022,false,,,,,,,,,,,,,28.66,,,,,,28.66,,,EN,2025-12-18T16:00:00.000Z
MALARIA_ITN_COVERAGE,"Population with access to an insecticide-treated bed net (ITN) for malaria protection (%), modelled",numeric,AFR,Africa,Country,AGO,Angola,Year,2022,false,,,,,,,,,,,,,29.58,,,,,,29.58,,,EN,2025-12-18T16:00:00.000Z
MALARIA_ITN_COVERAGE,"Population with access to an insecticide-treated bed net (ITN) for malaria protection (%), modelled",numeric,AFR,Africa,Country,BEN,Benin,Year,2022,false,,,,,,,,,,,,,30.25,,,,,,30.25,,,EN,2025-12-18T16:00:00.000Z
MALARIA_ITN_COVERAGE,"Population with access to an insecticide-treated bed net (ITN) for malaria protection (%), modelled",numeric,AFR,Africa,Country,GNB,Guinea-Bissau,Year,2022,false,,,,,,,,,,,,,30.55,,,,,,30.55,,,EN,2025-12-18T16:00:00.000Z
MALARIA_ITN_COVERAGE,"Population with access to an insecticide-treated bed net (ITN) for malaria protection (%), modelled",numeric,EMR,Eastern Mediterranean,Country,SOM,Somalia,Year,2022,false,,,,,,,,,,,,,32.37,,,,,,32.37,,,EN,2025-12-18T16:00:00.000Z
MALARIA_ITN_COVERAGE,"Population with access to an insecticide-treated bed net (ITN) for malaria protection (%), modelled",numeric,AFR,Africa,Country,ERI,Eritrea,Year,2022,false,,,,,,,,,,,,,44.98,,,,,,44.98,,,EN,2025-12-18T16:00:00.000Z
MALARIA_ITN_COVERAGE,"Population with access to an insecticide-treated bed net (ITN) for malaria protection (%), modelled",numeric,AFR,Africa,Country,MOZ,Mozambique,Year,2022,false,,,,,,,,,,,,,49.72,,,,,,49.72,,,EN,2025-12-18T16:00:00.000Z
MALARIA_ITN_COVERAGE,"Population with access to an insecticide-treated bed net (ITN) for malaria protection (%), modelled",numeric,AFR,Africa,Country,NGA,Nigeria,Year,2022,false,,,,,,,,,,,,,52.25,,,,,,52.25,,,EN,2025-12-18T16:00:00.000Z
MALARIA_ITN_COVERAGE,"Population with access to an insecticide-treated bed net (ITN) for malaria protection (%), modelled",numeric,AFR,Africa,Country,SSD,South Sudan,Year,2022,false,,,,,,,,,,,,,53.76,,,,,,53.76,,,EN,2025-12-18T16:00:00.000Z
MALARIA_ITN_COVERAGE,"Population with access to an insecticide-treated bed net (ITN) for malaria protection (%), modelled",numeric,AFR,Africa,Country,UGA,Uganda,Year,2022,false,,,,,,,,,,,,,55.8,,,,,,55.8,,,EN,2025-12-18T16:00:00.000Z
MALARIA_ITN_COVERAGE,"Population with access to an insecticide-treated bed net (ITN) for malaria protection (%), modelled",numeric,AFR,Africa,Country,ZWE,Zimbabwe,Year,2022,false,,,,,,,,,,,,,56.82,,,,,,56.82,,,EN,2025-12-18T16:00:00.000Z
MALARIA_ITN_COVERAGE,"Population with access to an insecticide-treated bed net (ITN) for malaria protection (%), modelled",numeric,AFR,Africa,Country,TGO,Togo,Year,2022,false,,,,,,,,,,,,,57.62,,,,,,57.62,,,EN,2025-12-18T16:00:00.000Z
MALARIA_ITN_COVERAGE,"Population with access to an insecticide-treated bed net (ITN) for malaria protection (%), modelled",numeric,AFR,Africa,Country,TZA,United Republic of Tanzania,Year,2022,false,,,,,,,,,,,,,58.72,,,,,,58.72,,,EN,2025-12-18T16:00:00.000Z
MALARIA_ITN_COVERAGE,"Population with access to an insecticide-treated bed net (ITN) for malaria protection (%), modelled",numeric,AFR,Africa,Country,MLI,Mali,Year,2022,false,,,,,,,,,,,,,59.47,,,,,,59.47,,,EN,2025-12-18T16:00:00.000Z
MALARIA_ITN_COVERAGE,"Population with access to an insecticide-treated bed net (ITN) for malaria protection (%), modelled",numeric,AFR,Africa,Country,KEN,Kenya,Year,2022,false,,,,,,,,,,,,,59.73,,,,,,59.73,,,EN,2025-12-18T16:00:00.000Z
MALARIA_ITN_COVERAGE,"Population with access to an insecticide-treated bed net (ITN) for malaria protection (%), modelled",numeric,AFR,Africa,Country,SLE,Sierra Leone,Year,2022,false,,,,,,,,,,,,,59.78,,,,,,59.78,,,EN,2025-12-18T16:00:00.000Z
MALARIA_ITN_COVERAGE,"Population with access to an insecticide-treated bed net (ITN) for malaria protection (%), modelled",numeric,AFR,Africa,Country,CIV,Cote d'Ivoire,Year,2022,false,,,,,,,,,,,,,61.39,,,,,,61.39,,,EN,2025-12-18T16:00:00.000Z
MALARIA_ITN_COVERAGE,"Population with access to an insecticide-treated bed net (ITN) for malaria protection (%), modelled",numeric,AFR,Africa,Country,COM,Comoros,Year,2022,false,,,,,,,,,,,,,61.5,,,,,,61.5,,,EN,2025-12-18T16:00:00.000Z
MALARIA_ITN_COVERAGE,"Population with access to an insecticide-treated bed net (ITN) for malaria protection (%), modelled",numeric,AFR,Africa,Country,SEN,Senegal,Year,2022,false,,,,,,,,,,,,,61.53,,,,,,61.53,,,EN,2025-12-18T16:00:00.000Z
MALARIA_ITN_COVERAGE,"Population with access to an insecticide-treated bed net (ITN) for malaria protection (%), modelled",numeric,AFR,Africa,Country,MWI,Malawi,Year,2022,false,,,,,,,,,,,,,62.04,,,,,,62.04,,,EN,2025-12-18T16:00:00.000Z
MALARIA_ITN_COVERAGE,"Population with access to an insecticide-treated bed net (ITN) for malaria protection (%), modelled",numeric,AFR,Africa,Country,LBR,Liberia,Year,2022,false,,,,,,,,,,,,,62.51,,,,,,62.51,,,EN,2025-12-18T16:00:00.000Z
MALARIA_ITN_COVERAGE,"Population with access to an insecticide-treated bed net (ITN) for malaria protection (%), modelled",numeric,AFR,Africa,Country,BDI,Burundi,Year,2022,false,,,,,,,,,,,,,65.19,,,,,,65.19,,,EN,2025-12-18T16:00:00.000Z
MALARIA_ITN_COVERAGE,"Population with access to an insecticide-treated bed net (ITN) for malaria protection (%), modelled",numeric,AFR,Africa,Country,CMR,Cameroon,Year,2022,false,,,,,,,,,,,,,67.88,,,,,,67.88,,,EN,2025-12-18T16:00:00.000Z
MALARIA_ITN_COVERAGE,"Population with access to an insecticide-treated bed net (ITN) for malaria protection (%), modelled",numeric,AFR,Africa,Country,RWA,Rwanda,Year,2022,false,,,,,,,,,,,,,69.39,,,,,,69.39,,,EN,2025-12-18T16:00:00.000Z
MALARIA_ITN_COVERAGE,"Population with access to an insecticide-treated bed net (ITN) for malaria protection (%), modelled",numeric,AFR,Africa,Country,MDG,Madagascar,Year,2022,false,,,,,,,,,,,,,71.44,,,,,,71.44,,,EN,2025-12-18T16:00:00.000Z
MALARIA_ITN_COVERAGE,"Population with access to an insecticide-treated bed net (ITN) for malaria protection (%), modelled",numeric,AFR,Africa,Country,CAF,Central African Republic,Year,2022,false,,,,,,,,,,,,,72.75,,,,,,72.75,,,EN,2025-12-18T16:00:00.000Z
MALARIA_ITN_COVERAGE,"Population with access to an insecticide-treated bed net (ITN) for malaria protection (%), modelled",numeric,AFR,Africa,Country,GIN,Guinea,Year,2022,false,,,,,,,,,,,,,73.32,,,,,,73.32,,,EN,2025-12-18T16:00:00.000Z
MALARIA_ITN_COVERAGE,"Population with access to an insecticide-treated bed net (ITN) for malaria protection (%), modelled",numeric,AFR,Africa,Country,COD,Democratic Republic of the Congo,Year,2022,false,,,,,,,,,,,,,74.87,,,,,,74.87,,,EN,2025-12-18T16:00:00.000Z
MALARIA_ITN_COVERAGE,"Population with access to an insecticide-treated bed net (ITN) for malaria protection (%), modelled",numeric,EMR,Eastern Mediterranean,Country,SDN,Sudan,Year,2022,false,,,,,,,,,,,,,78.2,,,,,,78.2,,,EN,2025-12-18T16:00:00.000Z
MALARIA_ITN_COVERAGE,"Population with access to an insecticide-treated bed net (ITN) for malaria protection (%), modelled",numeric,AFR,Africa,Country,GHA,Ghana,Year,2022,false,,,,,,,,,,,,,79.29,,,,,,79.29,,,EN,2025-12-18T16:00:00.000Z
MALARIA_ITN_COVERAGE,"Population with access to an insecticide-treated bed net (ITN) for malaria protection (%), modelled",numeric,AFR,Africa,Country,COG,Congo,Year,2022,false,,,,,,,,,,,,,84.27,,,,,,84.27,,,EN,2025-12-18T16:00:00.000Z
MALARIA_ITN_COVERAGE,"Population with access to an insecticide-treated bed net (ITN) for malaria protection (%), modelled",numeric,AFR,Africa,Country,BFA,Burkina Faso,Year,2022,false,,,,,,,,,,,,,84.44,,,,,,84.44,,,EN,2025-12-18T16:00:00.000Z
MALARIA_ITN_COVERAGE,"Population with access to an insecticide-treated bed net (ITN) for malaria protection (%), modelled",numeric,AFR,Africa,Country,NER,Niger,Year,2022,false,,,,,,,,,,,,,84.85,,,,,,84.85,,,EN,2025-12-18T16:00:00.000Z
MALARIA_ITN_COVERAGE,"Population with access to an insecticide-treated bed net (ITN) for malaria protection (%), modelled",numeric,AFR,Africa,Country,GMB,Gambia,Year,2022,false,,,,,,,,,,,,,85.06,,,,,,85.06,,,EN,2025-12-18T16:00:00.000Z
MALARIA_ITN_COVERAGE,"Population with access to an insecticide-treated bed net (ITN) for malaria protection (%), modelled",numeric,AFR,Africa,Country,AGO,Angola,Year,2021,false,,,,,,,,,,,,,11.63,,,,,,11.63,,,EN,2025-12-18T16:00:00.000Z
MALARIA_ITN_COVERAGE,"Population with access to an insecticide-treated bed net (ITN) for malaria protection (%), modelled",numeric,AFR,Africa,Country,GAB,Gabon,Year,2021,false,,,,,,,,,,,,,13.23,,,,,,13.23,,,EN,2025-12-18T16:00:00.000Z
MALARIA_ITN_COVERAGE,"Population with access to an insecticide-treated bed net (ITN) for malaria protection (%), modelled",numeric,AFR,Africa,Country,ETH,Ethiopia,Year,2021,false,,,,,,,,,,,,,19.51,,,,,,19.51,,,EN,2025-12-18T16:00:00.000Z
MALARIA_ITN_COVERAGE,"Population with access to an insecticide-treated bed net (ITN) for malaria protection (%), modelled",numeric,EMR,Eastern Mediterranean,Country,DJI,Djibouti,Year,2021,false,,,,,,,,,,,,,20.23,,,,,,20.23,,,EN,2025-12-18T16:00:00.000Z
MALARIA_ITN_COVERAGE,"Population with access to an insecticide-treated bed net (ITN) for malaria protection (%), modelled",numeric,AFR,Africa,Country,GNB,Guinea-Bissau,Year,2021,false,,,,,,,,,,,,,22.06,,,,,,22.06,,,EN,2025-12-18T16:00:00.000Z
MALARIA_ITN_COVERAGE,"Population with access to an insecticide-treated bed net (ITN) for malaria protection (%), modelled",numeric,EMR,Eastern Mediterranean,Country,SOM,Somalia,Year,2021,false,,,,,,,,,,,,,22.94,,,,,,22.94,,,EN,2025-12-18T16:00:00.000Z
MALARIA_ITN_COVERAGE,"Population with access to an insecticide-treated bed net (ITN) for malaria protection (%), modelled",numeric,AFR,Africa,Country,GNQ,Equatorial Guinea,Year,2021,false,,,,,,,,,,,,,32.96,,,,,,32.96,,,EN,2025-12-18T16:00:00.000Z
MALARIA_ITN_COVERAGE,"Population with access to an insecticide-treated bed net (ITN) for malaria protection (%), modelled",numeric,AFR,Africa,Country,MRT,Mauritania,Year,2021,false,,,,,,,,,,,,,44.4,,,,,,44.4,,,EN,2025-12-18T16:00:00.000Z
MALARIA_ITN_COVERAGE,"Population with access to an insecticide-treated bed net (ITN) for malaria protection (%), modelled",numeric,AFR,Africa,Country,BDI,Burundi,Year,2021,false,,,,,,,,,,,,,44.8,,,,,,44.8,,,EN,2025-12-18T16:00:00.000Z
MALARIA_ITN_COVERAGE,"Population with access to an insecticide-treated bed net (ITN) for malaria protection (%), modelled",numeric,AFR,Africa,Country,ZWE,Zimbabwe,Year,2021,false,,,,,,,,,,,,,45.51,,,,,,45.51,,,EN,2025-12-18T16:00:00.000Z
MALARIA_ITN_COVERAGE,"Population with access to an insecticide-treated bed net (ITN) for malaria protection (%), modelled",numeric,AFR,Africa,Country,NGA,Nigeria,Year,2021,false,,,,,,,,,,,,,46.58,,,,,,46.58,,,EN,2025-12-18T16:00:00.000Z
MALARIA_ITN_COVERAGE,"Population with access to an insecticide-treated bed net (ITN) for malaria protection (%), modelled",numeric,AFR,Africa,Country,SEN,Senegal,Year,2021,false,,,,,,,,,,,,,48.4,,,,,,48.4,,,EN,2025-12-18T16:00:00.000Z
MALARIA_ITN_COVERAGE,"Population with access to an insecticide-treated bed net (ITN) for malaria protection (%), modelled",numeric,AFR,Africa,Country,ZMB,Zambia,Year,2021,false,,,,,,,,,,,,,49.2,,,,,,49.2,,,EN,2025-12-18T16:00:00.000Z
MALARIA_ITN_COVERAGE,"Population with access to an insecticide-treated bed net (ITN) for malaria protection (%), modelled",numeric,AFR,Africa,Country,GIN,Guinea,Year,2021,false,,,,,,,,,,,,,50.19,,,,,,50.19,,,EN,2025-12-18T16:00:00.000Z
MALARIA_ITN_COVERAGE,"Population with access to an insecticide-treated bed net (ITN) for malaria protection (%), modelled",numeric,AFR,Africa,Country,ERI,Eritrea,Year,2021,false,,,,,,,,,,,,,52.25,,,,,,52.25,,,EN,2025-12-18T16:00:00.000Z
MALARIA_ITN_COVERAGE,"Population with access to an insecticide-treated bed net (ITN) for malaria protection (%), modelled",numeric,AFR,Africa,Country,LBR,Liberia,Year,2021,false,,,,,,,,,,,,,52.87,,,,,,52.87,,,EN,2025-12-18T16:00:00.000Z
MALARIA_ITN_COVERAGE,"Population with access to an insecticide-treated bed net (ITN) for malaria protection (%), modelled",numeric,AFR,Africa,Country,BFA,Burkina Faso,Year,2021,false,,,,,,,,,,,,,53.27,,,,,,53.27,,,EN,2025-12-18T16:00:00.000Z
MALARIA_ITN_COVERAGE,"Population with access to an insecticide-treated bed net (ITN) for malaria protection (%), modelled",numeric,AFR,Africa,Country,GMB,Gambia,Year,2021,false,,,,,,,,,,,,,53.65,,,,,,53.65,,,EN,2025-12-18T16:00:00.000Z
MALARIA_ITN_COVERAGE,"Population with access to an insecticide-treated bed net (ITN) for malaria protection (%), modelled",numeric,AFR,Africa,Country,MDG,Madagascar,Year,2021,false,,,,,,,,,,,,,54.02,,,,,,54.02,,,EN,2025-12-18T16:00:00.000Z
MALARIA_ITN_COVERAGE,"Population with access to an insecticide-treated bed net (ITN) for malaria protection (%), modelled",numeric,AFR,Africa,Country,TCD,Chad,Year,2021,false,,,,,,,,,,,,,55.27,,,,,,55.27,,,EN,2025-12-18T16:00:00.000Z
MALARIA_ITN_COVERAGE,"Population with access to an insecticide-treated bed net (ITN) for malaria protection (%), modelled",numeric,AFR,Africa,Country,TGO,Togo,Year,2021,false,,,,,,,,,,,,,55.54,,,,,,55.54,,,EN,2025-12-18T16:00:00.000Z
MALARIA_ITN_COVERAGE,"Population with access to an insecticide-treated bed net (ITN) for malaria protection (%), modelled",numeric,AFR,Africa,Country,MWI,Malawi,Year,2021,false,,,,,,,,,,,,,58.65,,,,,,58.65,,,EN,2025-12-18T16:00:00.000Z
MALARIA_ITN_COVERAGE,"Population with access to an insecticide-treated bed net (ITN) for malaria protection (%), modelled",numeric,AFR,Africa,Country,KEN,Kenya,Year,2021,false,,,,,,,,,,,,,60.4,,,,,,60.4,,,EN,2025-12-18T16:00:00.000Z
MALARIA_ITN_COVERAGE,"Population with access to an insecticide-treated bed net (ITN) for malaria protection (%), modelled",numeric,AFR,Africa,Country,CMR,Cameroon,Year,2021,false,,,,,,,,,,,,,61.37,,,,,,61.37,,,EN,2025-12-18T16:00:00.000Z
MALARIA_ITN_COVERAGE,"Population with access to an insecticide-treated bed net (ITN) for malaria protection (%), modelled",numeric,AFR,Africa,Country,MOZ,Mozambique,Year,2021,false,,,,,,,,,,,,,63.41,,,,,,63.41,,,EN,2025-12-18T16:00:00.000Z
MALARIA_ITN_COVERAGE,"Population with access to an insecticide-treated bed net (ITN) for malaria protection (%), modelled",numeric,AFR,Africa,Country,TZA,United Republic of Tanzania,Year,2021,false,,,,,,,,,,,,,64.12,,,,,,64.12,,,EN,2025-12-18T16:00:00.000Z
MALARIA_ITN_COVERAGE,"Population with access to an insecticide-treated bed net (ITN) for malaria protection (%), modelled",numeric,EMR,Eastern Mediterranean,Country,SDN,Sudan,Year,2021,false,,,,,,,,,,,,,64.76,,,,,,64.76,,,EN,2025-12-18T16:00:00.000Z
MALARIA_ITN_COVERAGE,"Population with access to an insecticide-treated bed net (ITN) for malaria protection (%), modelled",numeric,AFR,Africa,Country,BEN,Benin,Year,2021,false,,,,,,,,,,,,,65.52,,,,,,65.52,,,EN,2025-12-18T16:00:00.000Z
MALARIA_ITN_COVERAGE,"Population with access to an insecticide-treated bed net (ITN) for malaria protection (%), modelled",numeric,AFR,Africa,Country,CIV,Cote d'Ivoire,Year,2021,false,,,,,,,,,,,,,66.03,,,,,,66.03,,,EN,2025-12-18T16:00:00.000Z
MALARIA_ITN_COVERAGE,"Population with access to an insecticide-treated bed net (ITN) for malaria protection (%), modelled",numeric,AFR,Africa,Country,SSD,South Sudan,Year,2021,false,,,,,,,,,,,,,67.23,,,,,,67.23,,,EN,2025-12-18T16:00:00.000Z
MALARIA_ITN_COVERAGE,"Population with access to an insecticide-treated bed net (ITN) for malaria protection (%), modelled",numeric,AFR,Africa,Country,RWA,Rwanda,Year,2021,false,,,,,,,,,,,,,67.35,,,,,,67.35,,,EN,2025-12-18T16:00:00.000Z
MALARIA_ITN_COVERAGE,"Population with access to an insecticide-treated bed net (ITN) for malaria protection (%), modelled",numeric,AFR,Africa,Country,COD,Democratic Republic of the Congo,Year,2021,false,,,,,,,,,,,,,67.41,,,,,,67.41,,,EN,2025-12-18T16:00:00.000Z
MALARIA_ITN_COVERAGE,"Population with access to an insecticide-treated bed net (ITN) for malaria protection (%), modelled",numeric,AFR,Africa,Country,COG,Congo,Year,2021,false,,,,,,,,,,,,,68.61,,,,,,68.61,,,EN,2025-12-18T16:00:00.000Z
MALARIA_ITN_COVERAGE,"Population with access to an insecticide-treated bed net (ITN) for malaria protection (%), modelled",numeric,AFR,Africa,Country,MLI,Mali,Year,2021,false,,,,,,,,,,,,,72.69,,,,,,72.69,,,EN,2025-12-18T16:00:00.000Z
MALARIA_ITN_COVERAGE,"Population with access to an insecticide-treated bed net (ITN) for malaria protection (%), modelled",numeric,AFR,Africa,Country,NER,Niger,Year,2021,false,,,,,,,,,,,,,73.17,,,,,,73.17,,,EN,2025-12-18T16:00:00.000Z
MALARIA_ITN_COVERAGE,"Population with access to an insecticide-treated bed net (ITN) for malaria protection (%), modelled",numeric,AFR,Africa,Country,CAF,Central African Republic,Year,2021,false,,,,,,,,,,,,,73.58,,,,,,73.58,,,EN,2025-12-18T16:00:00.000Z
MALARIA_ITN_COVERAGE,"Population with access to an insecticide-treated bed net (ITN) for malaria protection (%), modelled",numeric,AFR,Africa,Country,SLE,Sierra Leone,Year,2021,false,,,,,,,,,,,,,74.9,,,,,,74.9,,,EN,2025-12-18T16:00:00.000Z
MALARIA_ITN_COVERAGE,"Population with access to an insecticide-treated bed net (ITN) for malaria protection (%), modelled",numeric,AFR,Africa,Country,UGA,Uganda,Year,2021,false,,,,,,,,,,,,,75.03,,,,,,75.03,,,EN,2025-12-18T16:00:00.000Z
MALARIA_ITN_COVERAGE,"Population with access to an insecticide-treated bed net (ITN) for malaria protection (%), modelled",numeric,AFR,Africa,Country,COM,Comoros,Year,2021,false,,,,,,,,,,,,,76.51,,,,,,76.51,,,EN,2025-12-18T16:00:00.000Z
MALARIA_ITN_COVERAGE,"Population with access to an insecticide-treated bed net (ITN) for malaria protection (%), modelled",numeric,AFR,Africa,Country,GHA,Ghana,Year,2021,false,,,,,,,,,,,,,76.76,,,,,,76.76,,,EN,2025-12-18T16:00:00.000Z
MALARIA_ITN_COVERAGE,"Population with access to an insecticide-treated bed net (ITN) for malaria protection (%), modelled",numeric,AFR,Africa,Country,GAB,Gabon,Year,2020,false,,,,,,,,,,,,,13.65,,,,,,13.65,,,EN,2025-12-18T16:00:00.000Z
MALARIA_ITN_COVERAGE,"Population with access to an insecticide-treated bed net (ITN) for malaria protection (%), modelled",numeric,AFR,Africa,Country,LBR,Liberia,Year,2020,false,,,,,,,,,,,,,22.38,,,,,,22.38,,,EN,2025-12-18T16:00:00.000Z
MALARIA_ITN_COVERAGE,"Population with access to an insecticide-treated bed net (ITN) for malaria protection (%), modelled",numeric,AFR,Africa,Country,GNB,Guinea-Bissau,Year,2020,false,,,,,,,,,,,,,23.43,,,,,,23.43,,,EN,2025-12-18T16:00:00.000Z
MALARIA_ITN_COVERAGE,"Population with access to an insecticide-treated bed net (ITN) for malaria protection (%), modelled",numeric,EMR,Eastern Mediterranean,Country,SOM,Somalia,Year,2020,false,,,,,,,,,,,,,23.76,,,,,,23.76,,,EN,2025-12-18T16:00:00.000Z
MALARIA_ITN_COVERAGE,"Population with access to an insecticide-treated bed net (ITN) for malaria protection (%), modelled",numeric,AFR,Africa,Country,MRT,Mauritania,Year,2020,false,,,,,,,,,,,,,25.47,,,,,,25.47,,,EN,2025-12-18T16:00:00.000Z
MALARIA_ITN_COVERAGE,"Population with access to an insecticide-treated bed net (ITN) for malaria protection (%), modelled",numeric,AFR,Africa,Country,AGO,Angola,Year,2020,false,,,,,,,,,,,,,28.04,,,,,,28.04,,,EN,2025-12-18T16:00:00.000Z
MALARIA_ITN_COVERAGE,"Population with access to an insecticide-treated bed net (ITN) for malaria protection (%), modelled",numeric,AFR,Africa,Country,ETH,Ethiopia,Year,2020,false,,,,,,,,,,,,,28.67,,,,,,28.67,,,EN,2025-12-18T16:00:00.000Z
MALARIA_ITN_COVERAGE,"Population with access to an insecticide-treated bed net (ITN) for malaria protection (%), modelled",numeric,AFR,Africa,Country,KEN,Kenya,Year,2020,false,,,,,,,,,,,,,35.82,,,,,,35.82,,,EN,2025-12-18T16:00:00.000Z
MALARIA_ITN_COVERAGE,"Population with access to an insecticide-treated bed net (ITN) for malaria protection (%), modelled",numeric,AFR,Africa,Country,BFA,Burkina Faso,Year,2020,false,,,,,,,,,,,,,36.52,,,,,,36.52,,,EN,2025-12-18T16:00:00.000Z
MALARIA_ITN_COVERAGE,"Population with access to an insecticide-treated bed net (ITN) for malaria protection (%), modelled",numeric,EMR,Eastern Mediterranean,Country,DJI,Djibouti,Year,2020,false,,,,,,,,,,,,,38.04,,,,,,38.04,,,EN,2025-12-18T16:00:00.000Z
MALARIA_ITN_COVERAGE,"Population with access to an insecticide-treated bed net (ITN) for malaria protection (%), modelled",numeric,AFR,Africa,Country,GNQ,Equatorial Guinea,Year,2020,false,,,,,,,,,,,,,38.99,,,,,,38.99,,,EN,2025-12-18T16:00:00.000Z
MALARIA_ITN_COVERAGE,"Population with access to an insecticide-treated bed net (ITN) for malaria protection (%), modelled",numeric,AFR,Africa,Country,MWI,Malawi,Year,2020,false,,,,,,,,,,,,,41.74,,,,,,41.74,,,EN,2025-12-18T16:00:00.000Z
MALARIA_ITN_COVERAGE,"Population with access to an insecticide-treated bed net (ITN) for malaria protection (%), modelled",numeric,AFR,Africa,Country,CIV,Cote d'Ivoire,Year,2020,false,,,,,,,,,,,,,43.81,,,,,,43.81,,,EN,2025-12-18T16:00:00.000Z
MALARIA_ITN_COVERAGE,"Population with access to an insecticide-treated bed net (ITN) for malaria protection (%), modelled",numeric,AFR,Africa,Country,ZWE,Zimbabwe,Year,2020,false,,,,,,,,,,,,,45.54,,,,,,45.54,,,EN,2025-12-18T16:00:00.000Z
MALARIA_ITN_COVERAGE,"Population with access to an insecticide-treated bed net (ITN) for malaria protection (%), modelled",numeric,AFR,Africa,Country,MDG,Madagascar,Year,2020,false,,,,,,,,,,,,,47.46,,,,,,47.46,,,EN,2025-12-18T16:00:00.000Z
MALARIA_ITN_COVERAGE,"Population with access to an insecticide-treated bed net (ITN) for malaria protection (%), modelled",numeric,AFR,Africa,Country,ZMB,Zambia,Year,2020,false,,,,,,,,,,,,,51.54,,,,,,51.54,,,EN,2025-12-18T16:00:00.000Z
MALARIA_ITN_COVERAGE,"Population with access to an insecticide-treated bed net (ITN) for malaria protection (%), modelled",numeric,AFR,Africa,Country,NGA,Nigeria,Year,2020,false,,,,,,,,,,,,,51.99,,,,,,51.99,,,EN,2025-12-18T16:00:00.000Z
MALARIA_ITN_COVERAGE,"Population with access to an insecticide-treated bed net (ITN) for malaria protection (%), modelled",numeric,AFR,Africa,Country,GMB,Gambia,Year,2020,false,,,,,,,,,,,,,54.06,,,,,,54.06,,,EN,2025-12-18T16:00:00.000Z
MALARIA_ITN_COVERAGE,"Population with access to an insecticide-treated bed net (ITN) for malaria protection (%), modelled",numeric,AFR,Africa,Country,ERI,Eritrea,Year,2020,false,,,,,,,,,,,,,55.76,,,,,,55.76,,,EN,2025-12-18T16:00:00.000Z
MALARIA_ITN_COVERAGE,"Population with access to an insecticide-treated bed net (ITN) for malaria protection (%), modelled",numeric,AFR,Africa,Country,TCD,Chad,Year,2020,false,,,,,,,,,,,,,59.61,,,,,,59.61,,,EN,2025-12-18T16:00:00.000Z
MALARIA_ITN_COVERAGE,"Population with access to an insecticide-treated bed net (ITN) for malaria protection (%), modelled",numeric,AFR,Africa,Country,RWA,Rwanda,Year,2020,false,,,,,,,,,,,,,60.91,,,,,,60.91,,,EN,2025-12-18T16:00:00.000Z
MALARIA_ITN_COVERAGE,"Population with access to an insecticide-treated bed net (ITN) for malaria protection (%), modelled",numeric,AFR,Africa,Country,TGO,Togo,Year,2020,false,,,,,,,,,,,,,61.02,,,,,,61.02,,,EN,2025-12-18T16:00:00.000Z
MALARIA_ITN_COVERAGE,"Population with access to an insecticide-treated bed net (ITN) for malaria protection (%), modelled",numeric,AFR,Africa,Country,TZA,United Republic of Tanzania,Year,2020,false,,,,,,,,,,,,,63.93,,,,,,63.93,,,EN,2025-12-18T16:00:00.000Z
MALARIA_ITN_COVERAGE,"Population with access to an insecticide-treated bed net (ITN) for malaria protection (%), modelled",numeric,AFR,Africa,Country,GHA,Ghana,Year,2020,false,,,,,,,,,,,,,64.1,,,,,,64.1,,,EN,2025-12-18T16:00:00.000Z
MALARIA_ITN_COVERAGE,"Population with access to an insecticide-treated bed net (ITN) for malaria protection (%), modelled",numeric,AFR,Africa,Country,COD,Democratic Republic of the Congo,Year,2020,false,,,,,,,,,,,,,64.62,,,,,,64.62,,,EN,2025-12-18T16:00:00.000Z
MALARIA_ITN_COVERAGE,"Population with access to an insecticide-treated bed net (ITN) for malaria protection (%), modelled",numeric,AFR,Africa,Country,SSD,South Sudan,Year,2020,false,,,,,,,,,,,,,64.94,,,,,,64.94,,,EN,2025-12-18T16:00:00.000Z
MALARIA_ITN_COVERAGE,"Population with access to an insecticide-treated bed net (ITN) for malaria protection (%), modelled",numeric,AFR,Africa,Country,COM,Comoros,Year,2020,false,,,,,,,,,,,,,69.61,,,,,,69.61,,,EN,2025-12-18T16:00:00.000Z
MALARIA_ITN_COVERAGE,"Population with access to an insecticide-treated bed net (ITN) for malaria protection (%), modelled",numeric,AFR,Africa,Country,BDI,Burundi,Year,2020,false,,,,,,,,,,,,,70.04,,,,,,70.04,,,EN,2025-12-18T16:00:00.000Z
MALARIA_ITN_COVERAGE,"Population with access to an insecticide-treated bed net (ITN) for malaria protection (%), modelled",numeric,AFR,Africa,Country,BEN,Benin,Year,2020,false,,,,,,,,,,,,,70.16,,,,,,70.16,,,EN,2025-12-18T16:00:00.000Z
MALARIA_ITN_COVERAGE,"Population with access to an insecticide-treated bed net (ITN) for malaria protection (%), modelled",numeric,AFR,Africa,Country,CMR,Cameroon,Year,2020,false,,,,,,,,,,,,,70.22,,,,,,70.22,,,EN,2025-12-18T16:00:00.000Z
MALARIA_ITN_COVERAGE,"Population with access to an insecticide-treated bed net (ITN) for malaria protection (%), modelled",numeric,AFR,Africa,Country,MOZ,Mozambique,Year,2020,false,,,,,,,,,,,,,70.79,,,,,,70.79,,,EN,2025-12-18T16:00:00.000Z
MALARIA_ITN_COVERAGE,"Population with access to an insecticide-treated bed net (ITN) for malaria protection (%), modelled",numeric,AFR,Africa,Country,CAF,Central African Republic,Year,2020,false,,,,,,,,,,,,,71.52,,,,,,71.52,,,EN,2025-12-18T16:00:00.000Z
MALARIA_ITN_COVERAGE,"Population with access to an insecticide-treated bed net (ITN) for malaria protection (%), modelled",numeric,AFR,Africa,Country,SEN,Senegal,Year,2020,false,,,,,,,,,,,,,72.04,,,,,,72.04,,,EN,2025-12-18T16:00:00.000Z
MALARIA_ITN_COVERAGE,"Population with access to an insecticide-treated bed net (ITN) for malaria protection (%), modelled",numeric,AFR,Africa,Country,NER,Niger,Year,2020,false,,,,,,,,,,,,,72.28,,,,,,72.28,,,EN,2025-12-18T16:00:00.000Z
MALARIA_ITN_COVERAGE,"Population with access to an insecticide-treated bed net (ITN) for malaria protection (%), modelled",numeric,AFR,Africa,Country,SLE,Sierra Leone,Year,2020,false,,,,,,,,,,,,,72.39,,,,,,72.39,,,EN,2025-12-18T16:00:00.000Z
MALARIA_ITN_COVERAGE,"Population with access to an insecticide-treated bed net (ITN) for malaria protection (%), modelled",numeric,EMR,Eastern Mediterranean,Country,SDN,Sudan,Year,2020,false,,,,,,,,,,,,,72.76,,,,,,72.76,,,EN,2025-12-18T16:00:00.000Z
MALARIA_ITN_COVERAGE,"Population with access to an insecticide-treated bed net (ITN) for malaria protection (%), modelled",numeric,AFR,Africa,Country,UGA,Uganda,Year,2020,false,,,,,,,,,,,,,72.99,,,,,,72.99,,,EN,2025-12-18T16:00:00.000Z
MALARIA_ITN_COVERAGE,"Population with access to an insecticide-treated bed net (ITN) for malaria protection (%), modelled",numeric,AFR,Africa,Country,GIN,Guinea,Year,2020,false,,,,,,,,,,,,,76.34,,,,,,76.34,,,EN,2025-12-18T16:00:00.000Z
MALARIA_ITN_COVERAGE,"Population with access to an insecticide-treated bed net (ITN) for malaria protection (%), modelled",numeric,AFR,Africa,Country,COG,Congo,Year,2020,false,,,,,,,,,,,,,76.77,,,,,,76.77,,,EN,2025-12-18T16:00:00.000Z
MALARIA_ITN_COVERAGE,"Population with access to an insecticide-treated bed net (ITN) for malaria protection (%), modelled",numeric,AFR,Africa,Country,MLI,Mali,Year,2020,false,,,,,,,,,,,,,79.83,,,,,,79.83,,,EN,2025-12-18T16:00:00.000Z
MALARIA_ITN_COVERAGE,"Population with access to an insecticide-treated bed net (ITN) for malaria protection (%), modelled",numeric,AFR,Africa,Country,GAB,Gabon,Year,2019,false,,,,,,,,,,,,,14.62,,,,,,14.62,,,EN,2025-12-18T16:00:00.000Z
MALARIA_ITN_COVERAGE,"Population with access to an insecticide-treated bed net (ITN) for malaria protection (%), modelled",numeric,AFR,Africa,Country,MRT,Mauritania,Year,2019,false,,,,,,,,,,,,,15.45,,,,,,15.45,,,EN,2025-12-18T16:00:00.000Z
MALARIA_ITN_COVERAGE,"Population with access to an insecticide-treated bed net (ITN) for malaria protection (%), modelled",numeric,AFR,Africa,Country,TCD,Chad,Year,2019,false,,,,,,,,,,,,,20.12,,,,,,20.12,,,EN,2025-12-18T16:00:00.000Z
MALARIA_ITN_COVERAGE,"Population with access to an insecticide-treated bed net (ITN) for malaria protection (%), modelled",numeric,EMR,Eastern Mediterranean,Country,SOM,Somalia,Year,2019,false,,,,,,,,,,,,,20.97,,,,,,20.97,,,EN,2025-12-18T16:00:00.000Z
MALARIA_ITN_COVERAGE,"Population with access to an insecticide-treated bed net (ITN) for malaria protection (%), modelled",numeric,AFR,Africa,Country,BEN,Benin,Year,2019,false,,,,,,,,,,,,,28.17,,,,,,28.17,,,EN,2025-12-18T16:00:00.000Z
MALARIA_ITN_COVERAGE,"Population with access to an insecticide-treated bed net (ITN) for malaria protection (%), modelled",numeric,AFR,Africa,Country,GNB,Guinea-Bissau,Year,2019,false,,,,,,,,,,,,,29.46,,,,,,29.46,,,EN,2025-12-18T16:00:00.000Z
MALARIA_ITN_COVERAGE,"Population with access to an insecticide-treated bed net (ITN) for malaria protection (%), modelled",numeric,AFR,Africa,Country,ETH,Ethiopia,Year,2019,false,,,,,,,,,,,,,34.53,,,,,,34.53,,,EN,2025-12-18T16:00:00.000Z
MALARIA_ITN_COVERAGE,"Population with access to an insecticide-treated bed net (ITN) for malaria protection (%), modelled",numeric,AFR,Africa,Country,BFA,Burkina Faso,Year,2019,false,,,,,,,,,,,,,37.86,,,,,,37.86,,,EN,2025-12-18T16:00:00.000Z
MALARIA_ITN_COVERAGE,"Population with access to an insecticide-treated bed net (ITN) for malaria protection (%), modelled",numeric,EMR,Eastern Mediterranean,Country,DJI,Djibouti,Year,2019,false,,,,,,,,,,,,,37.99,,,,,,37.99,,,EN,2025-12-18T16:00:00.000Z
MALARIA_ITN_COVERAGE,"Population with access to an insecticide-treated bed net (ITN) for malaria protection (%), modelled",numeric,AFR,Africa,Country,RWA,Rwanda,Year,2019,false,,,,,,,,,,,,,38.15,,,,,,38.15,,,EN,2025-12-18T16:00:00.000Z
MALARIA_ITN_COVERAGE,"Population with access to an insecticide-treated bed net (ITN) for malaria protection (%), modelled",numeric,AFR,Africa,Country,SSD,South Sudan,Year,2019,false,,,,,,,,,,,,,40.13,,,,,,40.13,,,EN,2025-12-18T16:00:00.000Z
MALARIA_ITN_COVERAGE,"Population with access to an insecticide-treated bed net (ITN) for malaria protection (%), modelled",numeric,AFR,Africa,Country,ZMB,Zambia,Year,2019,false,,,,,,,,,,,,,41.32,,,,,,41.32,,,EN,2025-12-18T16:00:00.000Z
MALARIA_ITN_COVERAGE,"Population with access to an insecticide-treated bed net (ITN) for malaria protection (%), modelled",numeric,AFR,Africa,Country,AGO,Angola,Year,2019,false,,,,,,,,,,,,,42.12,,,,,,42.12,,,EN,2025-12-18T16:00:00.000Z
MALARIA_ITN_COVERAGE,"Population with access to an insecticide-treated bed net (ITN) for malaria protection (%), modelled",numeric,AFR,Africa,Country,GNQ,Equatorial Guinea,Year,2019,false,,,,,,,,,,,,,44.62,,,,,,44.62,,,EN,2025-12-18T16:00:00.000Z
MALARIA_ITN_COVERAGE,"Population with access to an insecticide-treated bed net (ITN) for malaria protection (%), modelled",numeric,AFR,Africa,Country,ZWE,Zimbabwe,Year,2019,false,,,,,,,,,,,,,45.35,,,,,,45.35,,,EN,2025-12-18T16:00:00.000Z
MALARIA_ITN_COVERAGE,"Population with access to an insecticide-treated bed net (ITN) for malaria protection (%), modelled",numeric,AFR,Africa,Country,COM,Comoros,Year,2019,false,,,,,,,,,,,,,47.21,,,,,,47.21,,,EN,2025-12-18T16:00:00.000Z
MALARIA_ITN_COVERAGE,"Population with access to an insecticide-treated bed net (ITN) for malaria protection (%), modelled",numeric,AFR,Africa,Country,SLE,Sierra Leone,Year,2019,false,,,,,,,,,,,,,49.75,,,,,,49.75,,,EN,2025-12-18T16:00:00.000Z
MALARIA_ITN_COVERAGE,"Population with access to an insecticide-treated bed net (ITN) for malaria protection (%), modelled",numeric,AFR,Africa,Country,MOZ,Mozambique,Year,2019,false,,,,,,,,,,,,,51.68,,,,,,51.68,,,EN,2025-12-18T16:00:00.000Z
MALARIA_ITN_COVERAGE,"Population with access to an insecticide-treated bed net (ITN) for malaria protection (%), modelled",numeric,AFR,Africa,Country,NGA,Nigeria,Year,2019,false,,,,,,,,,,,,,53.48,,,,,,53.48,,,EN,2025-12-18T16:00:00.000Z
MALARIA_ITN_COVERAGE,"Population with access to an insecticide-treated bed net (ITN) for malaria protection (%), modelled",numeric,AFR,Africa,Country,KEN,Kenya,Year,2019,false,,,,,,,,,,,,,54.36,,,,,,54.36,,,EN,2025-12-18T16:00:00.000Z
MALARIA_ITN_COVERAGE,"Population with access to an insecticide-treated bed net (ITN) for malaria protection (%), modelled",numeric,AFR,Africa,Country,TZA,United Republic of Tanzania,Year,2019,false,,,,,,,,,,,,,55.31,,,,,,55.31,,,EN,2025-12-18T16:00:00.000Z
MALARIA_ITN_COVERAGE,"Population with access to an insecticide-treated bed net (ITN) for malaria protection (%), modelled",numeric,AFR,Africa,Country,ERI,Eritrea,Year,2019,false,,,,,,,,,,,,,56.67,,,,,,56.67,,,EN,2025-12-18T16:00:00.000Z
MALARIA_ITN_COVERAGE,"Population with access to an insecticide-treated bed net (ITN) for malaria protection (%), modelled",numeric,AFR,Africa,Country,CAF,Central African Republic,Year,2019,false,,,,,,,,,,,,,58.05,,,,,,58.05,,,EN,2025-12-18T16:00:00.000Z
MALARIA_ITN_COVERAGE,"Population with access to an insecticide-treated bed net (ITN) for malaria protection (%), modelled",numeric,AFR,Africa,Country,UGA,Uganda,Year,2019,false,,,,,,,,,,,,,60.58,,,,,,60.58,,,EN,2025-12-18T16:00:00.000Z
MALARIA_ITN_COVERAGE,"Population with access to an insecticide-treated bed net (ITN) for malaria protection (%), modelled",numeric,AFR,Africa,Country,COD,Democratic Republic of the Congo,Year,2019,false,,,,,,,,,,,,,60.61,,,,,,60.61,,,EN,2025-12-18T16:00:00.000Z
MALARIA_ITN_COVERAGE,"Population with access to an insecticide-treated bed net (ITN) for malaria protection (%), modelled",numeric,AFR,Africa,Country,LBR,Liberia,Year,2019,false,,,,,,,,,,,,,61.06,,,,,,61.06,,,EN,2025-12-18T16:00:00.000Z
MALARIA_ITN_COVERAGE,"Population with access to an insecticide-treated bed net (ITN) for malaria protection (%), modelled",numeric,AFR,Africa,Country,CIV,Cote d'Ivoire,Year,2019,false,,,,,,,,,,,,,61.37,,,,,,61.37,,,EN,2025-12-18T16:00:00.000Z
MALARIA_ITN_COVERAGE,"Population with access to an insecticide-treated bed net (ITN) for malaria protection (%), modelled",numeric,AFR,Africa,Country,GMB,Gambia,Year,2019,false,,,,,,,,,,,,,61.47,,,,,,61.47,,,EN,2025-12-18T16:00:00.000Z
MALARIA_ITN_COVERAGE,"Population with access to an insecticide-treated bed net (ITN) for malaria protection (%), modelled",numeric,AFR,Africa,Country,NER,Niger,Year,2019,false,,,,,,,,,,,,,65.96,,,,,,65.96,,,EN,2025-12-18T16:00:00.000Z
MALARIA_ITN_COVERAGE,"Population with access to an insecticide-treated bed net (ITN) for malaria protection (%), modelled",numeric,AFR,Africa,Country,COG,Congo,Year,2019,false,,,,,,,,,,,,,66.25,,,,,,66.25,,,EN,2025-12-18T16:00:00.000Z
MALARIA_ITN_COVERAGE,"Population with access to an insecticide-treated bed net (ITN) for malaria protection (%), modelled",numeric,AFR,Africa,Country,SEN,Senegal,Year,2019,false,,,,,,,,,,,,,68.34,,,,,,68.34,,,EN,2025-12-18T16:00:00.000Z
MALARIA_ITN_COVERAGE,"Population with access to an insecticide-treated bed net (ITN) for malaria protection (%), modelled",numeric,AFR,Africa,Country,MDG,Madagascar,Year,2019,false,,,,,,,,,,,,,68.4,,,,,,68.4,,,EN,2025-12-18T16:00:00.000Z
MALARIA_ITN_COVERAGE,"Population with access to an insecticide-treated bed net (ITN) for malaria protection (%), modelled",numeric,EMR,Eastern Mediterranean,Country,SDN,Sudan,Year,2019,false,,,,,,,,,,,,,69.24,,,,,,69.24,,,EN,2025-12-18T16:00:00.000Z
MALARIA_ITN_COVERAGE,"Population with access to an insecticide-treated bed net (ITN) for malaria protection (%), modelled",numeric,AFR,Africa,Country,TGO,Togo,Year,2019,false,,,,,,,,,,,,,69.57,,,,,,69.57,,,EN,2025-12-18T16:00:00.000Z
MALARIA_ITN_COVERAGE,"Population with access to an insecticide-treated bed net (ITN) for malaria protection (%), modelled",numeric,AFR,Africa,Country,CMR,Cameroon,Year,2019,false,,,,,,,,,,,,,70.02,,,,,,70.02,,,EN,2025-12-18T16:00:00.000Z
MALARIA_ITN_COVERAGE,"Population with access to an insecticide-treated bed net (ITN) for malaria protection (%), modelled",numeric,AFR,Africa,Country,MWI,Malawi,Year,2019,false,,,,,,,,,,,,,71.82,,,,,,71.82,,,EN,2025-12-18T16:00:00.000Z
MALARIA_ITN_COVERAGE,"Population with access to an insecticide-treated bed net (ITN) for malaria protection (%), modelled",numeric,AFR,Africa,Country,MLI,Mali,Year,2019,false,,,,,,,,,,,,,71.9,,,,,,71.9,,,EN,2025-12-18T16:00:00.000Z
MALARIA_ITN_COVERAGE,"Population with access to an insecticide-treated bed net (ITN) for malaria protection (%), modelled",numeric,AFR,Africa,Country,GIN,Guinea,Year,2019,false,,,,,,,,,,,,,71.93,,,,,,71.93,,,EN,2025-12-18T16:00:00.000Z
MALARIA_ITN_COVERAGE,"Population with access to an insecticide-treated bed net (ITN) for malaria protection (%), modelled",numeric,AFR,Africa,Country,BDI,Burundi,Year,2019,false,,,,,,,,,,,,,76.81,,,,,,76.81,,,EN,2025-12-18T16:00:00.000Z
MALARIA_ITN_COVERAGE,"Population with access to an insecticide-treated bed net (ITN) for malaria protection (%), modelled",numeric,AFR,Africa,Country,GHA,Ghana,Year,2019,false,,,,,,,,,,,,,77.38,,,,,,77.38,,,EN,2025-12-18T16:00:00.000Z
MALARIA_ITN_COVERAGE,"Population with access to an insecticide-treated bed net (ITN) for malaria protection (%), modelled",numeric,AFR,Africa,Country,GAB,Gabon,Year,2018,false,,,,,,,,,,,,,16.83,,,,,,16.83,,,EN,2025-12-18T16:00:00.000Z
MALARIA_ITN_COVERAGE,"Population with access to an insecticide-treated bed net (ITN) for malaria protection (%), modelled",numeric,AFR,Africa,Country,ETH,Ethiopia,Year,2018,false,,,,,,,,,,,,,22.28,,,,,,22.28,,,EN,2025-12-18T16:00:00.000Z
MALARIA_ITN_COVERAGE,"Population with access to an insecticide-treated bed net (ITN) for malaria protection (%), modelled",numeric,EMR,Eastern Mediterranean,Country,SOM,Somalia,Year,2018,false,,,,,,,,,,,,,25.73,,,,,,25.73,,,EN,2025-12-18T16:00:00.000Z
MALARIA_ITN_COVERAGE,"Population with access to an insecticide-treated bed net (ITN) for malaria protection (%), modelled",numeric,EMR,Eastern Mediterranean,Country,DJI,Djibouti,Year,2018,false,,,,,,,,,,,,,29.57,,,,,,29.57,,,EN,2025-12-18T16:00:00.000Z
MALARIA_ITN_COVERAGE,"Population with access to an insecticide-treated bed net (ITN) for malaria protection (%), modelled",numeric,AFR,Africa,Country,COG,Congo,Year,2018,false,,,,,,,,,,,,,30.08,,,,,,30.08,,,EN,2025-12-18T16:00:00.000Z
MALARIA_ITN_COVERAGE,"Population with access to an insecticide-treated bed net (ITN) for malaria protection (%), modelled",numeric,AFR,Africa,Country,GIN,Guinea,Year,2018,false,,,,,,,,,,,,,30.17,,,,,,30.17,,,EN,2025-12-18T16:00:00.000Z
MALARIA_ITN_COVERAGE,"Population with access to an insecticide-treated bed net (ITN) for malaria protection (%), modelled",numeric,AFR,Africa,Country,AGO,Angola,Year,2018,false,,,,,,,,,,,,,33.29,,,,,,33.29,,,EN,2025-12-18T16:00:00.000Z
MALARIA_ITN_COVERAGE,"Population with access to an insecticide-treated bed net (ITN) for malaria protection (%), modelled",numeric,AFR,Africa,Country,MRT,Mauritania,Year,2018,false,,,,,,,,,,,,,37.01,,,,,,37.01,,,EN,2025-12-18T16:00:00.000Z
MALARIA_ITN_COVERAGE,"Population with access to an insecticide-treated bed net (ITN) for malaria protection (%), modelled",numeric,AFR,Africa,Country,ZWE,Zimbabwe,Year,2018,false,,,,,,,,,,,,,41.59,,,,,,41.59,,,EN,2025-12-18T16:00:00.000Z
MALARIA_ITN_COVERAGE,"Population with access to an insecticide-treated bed net (ITN) for malaria protection (%), modelled",numeric,AFR,Africa,Country,GNB,Guinea-Bissau,Year,2018,false,,,,,,,,,,,,,43.18,,,,,,43.18,,,EN,2025-12-18T16:00:00.000Z
MALARIA_ITN_COVERAGE,"Population with access to an insecticide-treated bed net (ITN) for malaria protection (%), modelled",numeric,AFR,Africa,Country,GNQ,Equatorial Guinea,Year,2018,false,,,,,,,,,,,,,45.36,,,,,,45.36,,,EN,2025-12-18T16:00:00.000Z
MALARIA_ITN_COVERAGE,"Population with access to an insecticide-treated bed net (ITN) for malaria protection (%), modelled",numeric,AFR,Africa,Country,SSD,South Sudan,Year,2018,false,,,,,,,,,,,,,46.39,,,,,,46.39,,,EN,2025-12-18T16:00:00.000Z
MALARIA_ITN_COVERAGE,"Population with access to an insecticide-treated bed net (ITN) for malaria protection (%), modelled",numeric,AFR,Africa,Country,TCD,Chad,Year,2018,false,,,,,,,,,,,,,47.99,,,,,,47.99,,,EN,2025-12-18T16:00:00.000Z
MALARIA_ITN_COVERAGE,"Population with access to an insecticide-treated bed net (ITN) for malaria protection (%), modelled",numeric,AFR,Africa,Country,LBR,Liberia,Year,2018,false,,,,,,,,,,,,,48.92,,,,,,48.92,,,EN,2025-12-18T16:00:00.000Z
MALARIA_ITN_COVERAGE,"Population with access to an insecticide-treated bed net (ITN) for malaria protection (%), modelled",numeric,AFR,Africa,Country,NGA,Nigeria,Year,2018,false,,,,,,,,,,,,,49.11,,,,,,49.11,,,EN,2025-12-18T16:00:00.000Z
MALARIA_ITN_COVERAGE,"Population with access to an insecticide-treated bed net (ITN) for malaria protection (%), modelled",numeric,AFR,Africa,Country,BFA,Burkina Faso,Year,2018,false,,,,,,,,,,,,,49.3,,,,,,49.3,,,EN,2025-12-18T16:00:00.000Z
MALARIA_ITN_COVERAGE,"Population with access to an insecticide-treated bed net (ITN) for malaria protection (%), modelled",numeric,AFR,Africa,Country,COD,Democratic Republic of the Congo,Year,2018,false,,,,,,,,,,,,,56.13,,,,,,56.13,,,EN,2025-12-18T16:00:00.000Z
MALARIA_ITN_COVERAGE,"Population with access to an insecticide-treated bed net (ITN) for malaria protection (%), modelled",numeric,AFR,Africa,Country,SEN,Senegal,Year,2018,false,,,,,,,,,,,,,58.51,,,,,,58.51,,,EN,2025-12-18T16:00:00.000Z
MALARIA_ITN_COVERAGE,"Population with access to an insecticide-treated bed net (ITN) for malaria protection (%), modelled",numeric,AFR,Africa,Country,BEN,Benin,Year,2018,false,,,,,,,,,,,,,59.29,,,,,,59.29,,,EN,2025-12-18T16:00:00.000Z
MALARIA_ITN_COVERAGE,"Population with access to an insecticide-treated bed net (ITN) for malaria protection (%), modelled",numeric,AFR,Africa,Country,RWA,Rwanda,Year,2018,false,,,,,,,,,,,,,59.56,,,,,,59.56,,,EN,2025-12-18T16:00:00.000Z
MALARIA_ITN_COVERAGE,"Population with access to an insecticide-treated bed net (ITN) for malaria protection (%), modelled",numeric,AFR,Africa,Country,TZA,United Republic of Tanzania,Year,2018,false,,,,,,,,,,,,,59.88,,,,,,59.88,,,EN,2025-12-18T16:00:00.000Z
MALARIA_ITN_COVERAGE,"Population with access to an insecticide-treated bed net (ITN) for malaria protection (%), modelled",numeric,AFR,Africa,Country,GMB,Gambia,Year,2018,false,,,,,,,,,,,,,61.31,,,,,,61.31,,,EN,2025-12-18T16:00:00.000Z
MALARIA_ITN_COVERAGE,"Population with access to an insecticide-treated bed net (ITN) for malaria protection (%), modelled",numeric,AFR,Africa,Country,CMR,Cameroon,Year,2018,false,,,,,,,,,,,,,62.85,,,,,,62.85,,,EN,2025-12-18T16:00:00.000Z
MALARIA_ITN_COVERAGE,"Population with access to an insecticide-treated bed net (ITN) for malaria protection (%), modelled",numeric,AFR,Africa,Country,ERI,Eritrea,Year,2018,false,,,,,,,,,,,,,63.2,,,,,,63.2,,,EN,2025-12-18T16:00:00.000Z
MALARIA_ITN_COVERAGE,"Population with access to an insecticide-treated bed net (ITN) for malaria protection (%), modelled",numeric,AFR,Africa,Country,CAF,Central African Republic,Year,2018,false,,,,,,,,,,,,,63.31,,,,,,63.31,,,EN,2025-12-18T16:00:00.000Z
MALARIA_ITN_COVERAGE,"Population with access to an insecticide-treated bed net (ITN) for malaria protection (%), modelled",numeric,AFR,Africa,Country,MDG,Madagascar,Year,2018,false,,,,,,,,,,,,,63.54,,,,,,63.54,,,EN,2025-12-18T16:00:00.000Z
MALARIA_ITN_COVERAGE,"Population with access to an insecticide-treated bed net (ITN) for malaria protection (%), modelled",numeric,EMR,Eastern Mediterranean,Country,SDN,Sudan,Year,2018,false,,,,,,,,,,,,,63.95,,,,,,63.95,,,EN,2025-12-18T16:00:00.000Z
MALARIA_ITN_COVERAGE,"Population with access to an insecticide-treated bed net (ITN) for malaria protection (%), modelled",numeric,AFR,Africa,Country,ZMB,Zambia,Year,2018,false,,,,,,,,,,,,,64.99,,,,,,64.99,,,EN,2025-12-18T16:00:00.000Z
MALARIA_ITN_COVERAGE,"Population with access to an insecticide-treated bed net (ITN) for malaria protection (%), modelled",numeric,AFR,Africa,Country,MOZ,Mozambique,Year,2018,false,,,,,,,,,,,,,65.23,,,,,,65.23,,,EN,2025-12-18T16:00:00.000Z
MALARIA_ITN_COVERAGE,"Population with access to an insecticide-treated bed net (ITN) for malaria protection (%), modelled",numeric,AFR,Africa,Country,COM,Comoros,Year,2018,false,,,,,,,,,,,,,66.14,,,,,,66.14,,,EN,2025-12-18T16:00:00.000Z
MALARIA_ITN_COVERAGE,"Population with access to an insecticide-treated bed net (ITN) for malaria protection (%), modelled",numeric,AFR,Africa,Country,MLI,Mali,Year,2018,false,,,,,,,,,,,,,67.06,,,,,,67.06,,,EN,2025-12-18T16:00:00.000Z
MALARIA_ITN_COVERAGE,"Population with access to an insecticide-treated bed net (ITN) for malaria protection (%), modelled",numeric,AFR,Africa,Country,KEN,Kenya,Year,2018,false,,,,,,,,,,,,,68.04,,,,,,68.04,,,EN,2025-12-18T16:00:00.000Z
MALARIA_ITN_COVERAGE,"Population with access to an insecticide-treated bed net (ITN) for malaria protection (%), modelled",numeric,AFR,Africa,Country,NER,Niger,Year,2018,false,,,,,,,,,,,,,70.82,,,,,,70.82,,,EN,2025-12-18T16:00:00.000Z
MALARIA_ITN_COVERAGE,"Population with access to an insecticide-treated bed net (ITN) for malaria protection (%), modelled",numeric,AFR,Africa,Country,BDI,Burundi,Year,2018,false,,,,,,,,,,,,,71.44,,,,,,71.44,,,EN,2025-12-18T16:00:00.000Z
MALARIA_ITN_COVERAGE,"Population with access to an insecticide-treated bed net (ITN) for malaria protection (%), modelled",numeric,AFR,Africa,Country,SLE,Sierra Leone,Year,2018,false,,,,,,,,,,,,,71.65,,,,,,71.65,,,EN,2025-12-18T16:00:00.000Z
MALARIA_ITN_COVERAGE,"Population with access to an insecticide-treated bed net (ITN) for malaria protection (%), modelled",numeric,AFR,Africa,Country,MWI,Malawi,Year,2018,false,,,,,,,,,,,,,73.68,,,,,,73.68,,,EN,2025-12-18T16:00:00.000Z
MALARIA_ITN_COVERAGE,"Population with access to an insecticide-treated bed net (ITN) for malaria protection (%), modelled",numeric,AFR,Africa,Country,CIV,Cote d'Ivoire,Year,2018,false,,,,,,,,,,,,,76.62,,,,,,76.62,,,EN,2025-12-18T16:00:00.000Z
MALARIA_ITN_COVERAGE,"Population with access to an insecticide-treated bed net (ITN) for malaria protection (%), modelled",numeric,AFR,Africa,Country,GHA,Ghana,Year,2018,false,,,,,,,,,,,,,79.05,,,,,,79.05,,,EN,2025-12-18T16:00:00.000Z
MALARIA_ITN_COVERAGE,"Population with access to an insecticide-treated bed net (ITN) for malaria protection (%), modelled",numeric,AFR,Africa,Country,TGO,Togo,Year,2018,false,,,,,,,,,,,,,80.97,,,,,,80.97,,,EN,2025-12-18T16:00:00.000Z
MALARIA_ITN_COVERAGE,"Population with access to an insecticide-treated bed net (ITN) for malaria protection (%), modelled",numeric,AFR,Africa,Country,UGA,Uganda,Year,2018,false,,,,,,,,,,,,,81.21,,,,,,81.21,,,EN,2025-12-18T16:00:00.000Z
MALARIA_ITN_COVERAGE,"Population with access to an insecticide-treated bed net (ITN) for malaria protection (%), modelled",numeric,AFR,Africa,Country,ETH,Ethiopia,Year,2017,false,,,,,,,,,,,,,18.61,,,,,,18.61,,,EN,2025-12-18T16:00:00.000Z
MALARIA_ITN_COVERAGE,"Population with access to an insecticide-treated bed net (ITN) for malaria protection (%), modelled",numeric,EMR,Eastern Mediterranean,Country,DJI,Djibouti,Year,2017,false,,,,,,,,,,,,,19.63,,,,,,19.63,,,EN,2025-12-18T16:00:00.000Z
MALARIA_ITN_COVERAGE,"Population with access to an insecticide-treated bed net (ITN) for malaria protection (%), modelled",numeric,AFR,Africa,Country,GAB,Gabon,Year,2017,false,,,,,,,,,,,,,20.49,,,,,,20.49,,,EN,2025-12-18T16:00:00.000Z
MALARIA_ITN_COVERAGE,"Population with access to an insecticide-treated bed net (ITN) for malaria protection (%), modelled",numeric,AFR,Africa,Country,LBR,Liberia,Year,2017,false,,,,,,,,,,,,,24.34,,,,,,24.34,,,EN,2025-12-18T16:00:00.000Z
MALARIA_ITN_COVERAGE,"Population with access to an insecticide-treated bed net (ITN) for malaria protection (%), modelled",numeric,EMR,Eastern Mediterranean,Country,SOM,Somalia,Year,2017,false,,,,,,,,,,,,,25.38,,,,,,25.38,,,EN,2025-12-18T16:00:00.000Z
MALARIA_ITN_COVERAGE,"Population with access to an insecticide-treated bed net (ITN) for malaria protection (%), modelled",numeric,AFR,Africa,Country,AGO,Angola,Year,2017,false,,,,,,,,,,,,,29.67,,,,,,29.67,,,EN,2025-12-18T16:00:00.000Z
MALARIA_ITN_COVERAGE,"Population with access to an insecticide-treated bed net (ITN) for malaria protection (%), modelled",numeric,AFR,Africa,Country,MRT,Mauritania,Year,2017,false,,,,,,,,,,,,,30.05,,,,,,30.05,,,EN,2025-12-18T16:00:00.000Z
MALARIA_ITN_COVERAGE,"Population with access to an insecticide-treated bed net (ITN) for malaria protection (%), modelled",numeric,AFR,Africa,Country,COG,Congo,Year,2017,false,,,,,,,,,,,,,32.16,,,,,,32.16,,,EN,2025-12-18T16:00:00.000Z
MALARIA_ITN_COVERAGE,"Population with access to an insecticide-treated bed net (ITN) for malaria protection (%), modelled",numeric,AFR,Africa,Country,MDG,Madagascar,Year,2017,false,,,,,,,,,,,,,40.05,,,,,,40.05,,,EN,2025-12-18T16:00:00.000Z
MALARIA_ITN_COVERAGE,"Population with access to an insecticide-treated bed net (ITN) for malaria protection (%), modelled",numeric,AFR,Africa,Country,GNQ,Equatorial Guinea,Year,2017,false,,,,,,,,,,,,,41.16,,,,,,41.16,,,EN,2025-12-18T16:00:00.000Z
MALARIA_ITN_COVERAGE,"Population with access to an insecticide-treated bed net (ITN) for malaria protection (%), modelled",numeric,AFR,Africa,Country,ZWE,Zimbabwe,Year,2017,false,,,,,,,,,,,,,46.13,,,,,,46.13,,,EN,2025-12-18T16:00:00.000Z
MALARIA_ITN_COVERAGE,"Population with access to an insecticide-treated bed net (ITN) for malaria protection (%), modelled",numeric,AFR,Africa,Country,GNB,Guinea-Bissau,Year,2017,false,,,,,,,,,,,,,46.15,,,,,,46.15,,,EN,2025-12-18T16:00:00.000Z
MALARIA_ITN_COVERAGE,"Population with access to an insecticide-treated bed net (ITN) for malaria protection (%), modelled",numeric,AFR,Africa,Country,NGA,Nigeria,Year,2017,false,,,,,,,,,,,,,48.7,,,,,,48.7,,,EN,2025-12-18T16:00:00.000Z
MALARIA_ITN_COVERAGE,"Population with access to an insecticide-treated bed net (ITN) for malaria protection (%), modelled",numeric,AFR,Africa,Country,GIN,Guinea,Year,2017,false,,,,,,,,,,,,,50.66,,,,,,50.66,,,EN,2025-12-18T16:00:00.000Z
MALARIA_ITN_COVERAGE,"Population with access to an insecticide-treated bed net (ITN) for malaria protection (%), modelled",numeric,AFR,Africa,Country,TCD,Chad,Year,2017,false,,,,,,,,,,,,,52.34,,,,,,52.34,,,EN,2025-12-18T16:00:00.000Z
MALARIA_ITN_COVERAGE,"Population with access to an insecticide-treated bed net (ITN) for malaria protection (%), modelled",numeric,AFR,Africa,Country,GMB,Gambia,Year,2017,false,,,,,,,,,,,,,54.47,,,,,,54.47,,,EN,2025-12-18T16:00:00.000Z
MALARIA_ITN_COVERAGE,"Population with access to an insecticide-treated bed net (ITN) for malaria protection (%), modelled",numeric,AFR,Africa,Country,ERI,Eritrea,Year,2017,false,,,,,,,,,,,,,55.24,,,,,,55.24,,,EN,2025-12-18T16:00:00.000Z
MALARIA_ITN_COVERAGE,"Population with access to an insecticide-treated bed net (ITN) for malaria protection (%), modelled",numeric,AFR,Africa,Country,BEN,Benin,Year,2017,false,,,,,,,,,,,,,55.59,,,,,,55.59,,,EN,2025-12-18T16:00:00.000Z
MALARIA_ITN_COVERAGE,"Population with access to an insecticide-treated bed net (ITN) for malaria protection (%), modelled",numeric,AFR,Africa,Country,SSD,South Sudan,Year,2017,false,,,,,,,,,,,,,59.02,,,,,,59.02,,,EN,2025-12-18T16:00:00.000Z
MALARIA_ITN_COVERAGE,"Population with access to an insecticide-treated bed net (ITN) for malaria protection (%), modelled",numeric,AFR,Africa,Country,BDI,Burundi,Year,2017,false,,,,,,,,,,,,,59.97,,,,,,59.97,,,EN,2025-12-18T16:00:00.000Z
MALARIA_ITN_COVERAGE,"Population with access to an insecticide-treated bed net (ITN) for malaria protection (%), modelled",numeric,AFR,Africa,Country,CAF,Central African Republic,Year,2017,false,,,,,,,,,,,,,60.48,,,,,,60.48,,,EN,2025-12-18T16:00:00.000Z
MALARIA_ITN_COVERAGE,"Population with access to an insecticide-treated bed net (ITN) for malaria protection (%), modelled",numeric,AFR,Africa,Country,MLI,Mali,Year,2017,false,,,,,,,,,,,,,60.89,,,,,,60.89,,,EN,2025-12-18T16:00:00.000Z
MALARIA_ITN_COVERAGE,"Population with access to an insecticide-treated bed net (ITN) for malaria protection (%), modelled",numeric,AFR,Africa,Country,MWI,Malawi,Year,2017,false,,,,,,,,,,,,,62.16,,,,,,62.16,,,EN,2025-12-18T16:00:00.000Z
MALARIA_ITN_COVERAGE,"Population with access to an insecticide-treated bed net (ITN) for malaria protection (%), modelled",numeric,AFR,Africa,Country,GHA,Ghana,Year,2017,false,,,,,,,,,,,,,64.04,,,,,,64.04,,,EN,2025-12-18T16:00:00.000Z
MALARIA_ITN_COVERAGE,"Population with access to an insecticide-treated bed net (ITN) for malaria protection (%), modelled",numeric,AFR,Africa,Country,COD,Democratic Republic of the Congo,Year,2017,false,,,,,,,,,,,,,65.04,,,,,,65.04,,,EN,2025-12-18T16:00:00.000Z
MALARIA_ITN_COVERAGE,"Population with access to an insecticide-treated bed net (ITN) for malaria protection (%), modelled",numeric,EMR,Eastern Mediterranean,Country,SDN,Sudan,Year,2017,false,,,,,,,,,,,,,65.05,,,,,,65.05,,,EN,2025-12-18T16:00:00.000Z
MALARIA_ITN_COVERAGE,"Population with access to an insecticide-treated bed net (ITN) for malaria protection (%), modelled",numeric,AFR,Africa,Country,TZA,United Republic of Tanzania,Year,2017,false,,,,,,,,,,,,,66.33,,,,,,66.33,,,EN,2025-12-18T16:00:00.000Z
MALARIA_ITN_COVERAGE,"Population with access to an insecticide-treated bed net (ITN) for malaria protection (%), modelled",numeric,AFR,Africa,Country,NER,Niger,Year,2017,false,,,,,,,,,,,,,66.93,,,,,,66.93,,,EN,2025-12-18T16:00:00.000Z
MALARIA_ITN_COVERAGE,"Population with access to an insecticide-treated bed net (ITN) for malaria protection (%), modelled",numeric,AFR,Africa,Country,KEN,Kenya,Year,2017,false,,,,,,,,,,,,,68.42,,,,,,68.42,,,EN,2025-12-18T16:00:00.000Z
MALARIA_ITN_COVERAGE,"Population with access to an insecticide-treated bed net (ITN) for malaria protection (%), modelled",numeric,AFR,Africa,Country,SLE,Sierra Leone,Year,2017,false,,,,,,,,,,,,,68.49,,,,,,68.49,,,EN,2025-12-18T16:00:00.000Z
MALARIA_ITN_COVERAGE,"Population with access to an insecticide-treated bed net (ITN) for malaria protection (%), modelled",numeric,AFR,Africa,Country,RWA,Rwanda,Year,2017,false,,,,,,,,,,,,,68.91,,,,,,68.91,,,EN,2025-12-18T16:00:00.000Z
MALARIA_ITN_COVERAGE,"Population with access to an insecticide-treated bed net (ITN) for malaria protection (%), modelled",numeric,AFR,Africa,Country,CIV,Cote d'Ivoire,Year,2017,false,,,,,,,,,,,,,69.04,,,,,,69.04,,,EN,2025-12-18T16:00:00.000Z
MALARIA_ITN_COVERAGE,"Population with access to an insecticide-treated bed net (ITN) for malaria protection (%), modelled",numeric,AFR,Africa,Country,BFA,Burkina Faso,Year,2017,false,,,,,,,,,,,,,69.17,,,,,,69.17,,,EN,2025-12-18T16:00:00.000Z
MALARIA_ITN_COVERAGE,"Population with access to an insecticide-treated bed net (ITN) for malaria protection (%), modelled",numeric,AFR,Africa,Country,ZMB,Zambia,Year,2017,false,,,,,,,,,,,,,69.43,,,,,,69.43,,,EN,2025-12-18T16:00:00.000Z
MALARIA_ITN_COVERAGE,"Population with access to an insecticide-treated bed net (ITN) for malaria protection (%), modelled",numeric,AFR,Africa,Country,MOZ,Mozambique,Year,2017,false,,,,,,,,,,,,,70.95,,,,,,70.95,,,EN,2025-12-18T16:00:00.000Z
MALARIA_ITN_COVERAGE,"Population with access to an insecticide-treated bed net (ITN) for malaria protection (%), modelled",numeric,AFR,Africa,Country,CMR,Cameroon,Year,2017,false,,,,,,,,,,,,,71.32,,,,,,71.32,,,EN,2025-12-18T16:00:00.000Z
MALARIA_ITN_COVERAGE,"Population with access to an insecticide-treated bed net (ITN) for malaria protection (%), modelled",numeric,AFR,Africa,Country,SEN,Senegal,Year,2017,false,,,,,,,,,,,,,75.31,,,,,,75.31,,,EN,2025-12-18T16:00:00.000Z
MALARIA_ITN_COVERAGE,"Population with access to an insecticide-treated bed net (ITN) for malaria protection (%), modelled",numeric,AFR,Africa,Country,TGO,Togo,Year,2017,false,,,,,,,,,,,,,78.52,,,,,,78.52,,,EN,2025-12-18T16:00:00.000Z
MALARIA_ITN_COVERAGE,"Population with access to an insecticide-treated bed net (ITN) for malaria protection (%), modelled",numeric,AFR,Africa,Country,COM,Comoros,Year,2017,false,,,,,,,,,,,,,80.19,,,,,,80.19,,,EN,2025-12-18T16:00:00.000Z
MALARIA_ITN_COVERAGE,"Population with access to an insecticide-treated bed net (ITN) for malaria protection (%), modelled",numeric,AFR,Africa,Country,UGA,Uganda,Year,2017,false,,,,,,,,,,,,,84.13,,,,,,84.13,,,EN,2025-12-18T16:00:00.000Z
MALARIA_ITN_COVERAGE,"Population with access to an insecticide-treated bed net (ITN) for malaria protection (%), modelled",numeric,AFR,Africa,Country,TCD,Chad,Year,2016,false,,,,,,,,,,,,,10.94,,,,,,10.94,,,EN,2025-12-18T16:00:00.000Z
MALARIA_ITN_COVERAGE,"Population with access to an insecticide-treated bed net (ITN) for malaria protection (%), modelled",numeric,EMR,Eastern Mediterranean,Country,SOM,Somalia,Year,2016,false,,,,,,,,,,,,,16.92,,,,,,16.92,,,EN,2025-12-18T16:00:00.000Z
MALARIA_ITN_COVERAGE,"Population with access to an insecticide-treated bed net (ITN) for malaria protection (%), modelled",numeric,AFR,Africa,Country,GAB,Gabon,Year,2016,false,,,,,,,,,,,,,21.29,,,,,,21.29,,,EN,2025-12-18T16:00:00.000Z
MALARIA_ITN_COVERAGE,"Population with access to an insecticide-treated bed net (ITN) for malaria protection (%), modelled",numeric,AFR,Africa,Country,AGO,Angola,Year,2016,false,,,,,,,,,,,,,22.39,,,,,,22.39,,,EN,2025-12-18T16:00:00.000Z
MALARIA_ITN_COVERAGE,"Population with access to an insecticide-treated bed net (ITN) for malaria protection (%), modelled",numeric,AFR,Africa,Country,BEN,Benin,Year,2016,false,,,,,,,,,,,,,27.78,,,,,,27.78,,,EN,2025-12-18T16:00:00.000Z
MALARIA_ITN_COVERAGE,"Population with access to an insecticide-treated bed net (ITN) for malaria protection (%), modelled",numeric,AFR,Africa,Country,GMB,Gambia,Year,2016,false,,,,,,,,,,,,,28.52,,,,,,28.52,,,EN,2025-12-18T16:00:00.000Z
MALARIA_ITN_COVERAGE,"Population with access to an insecticide-treated bed net (ITN) for malaria protection (%), modelled",numeric,AFR,Africa,Country,ERI,Eritrea,Year,2016,false,,,,,,,,,,,,,30.16,,,,,,30.16,,,EN,2025-12-18T16:00:00.000Z
MALARIA_ITN_COVERAGE,"Population with access to an insecticide-treated bed net (ITN) for malaria protection (%), modelled",numeric,AFR,Africa,Country,ETH,Ethiopia,Year,2016,false,,,,,,,,,,,,,32.66,,,,,,32.66,,,EN,2025-12-18T16:00:00.000Z
MALARIA_ITN_COVERAGE,"Population with access to an insecticide-treated bed net (ITN) for malaria protection (%), modelled",numeric,AFR,Africa,Country,ZMB,Zambia,Year,2016,false,,,,,,,,,,,,,35.71,,,,,,35.71,,,EN,2025-12-18T16:00:00.000Z
MALARIA_ITN_COVERAGE,"Population with access to an insecticide-treated bed net (ITN) for malaria protection (%), modelled",numeric,AFR,Africa,Country,GNB,Guinea-Bissau,Year,2016,false,,,,,,,,,,,,,35.8,,,,,,35.8,,,EN,2025-12-18T16:00:00.000Z
MALARIA_ITN_COVERAGE,"Population with access to an insecticide-treated bed net (ITN) for malaria protection (%), modelled",numeric,AFR,Africa,Country,BDI,Burundi,Year,2016,false,,,,,,,,,,,,,37.91,,,,,,37.91,,,EN,2025-12-18T16:00:00.000Z
MALARIA_ITN_COVERAGE,"Population with access to an insecticide-treated bed net (ITN) for malaria protection (%), modelled",numeric,AFR,Africa,Country,GNQ,Equatorial Guinea,Year,2016,false,,,,,,,,,,,,,39.67,,,,,,39.67,,,EN,2025-12-18T16:00:00.000Z
MALARIA_ITN_COVERAGE,"Population with access to an insecticide-treated bed net (ITN) for malaria protection (%), modelled",numeric,AFR,Africa,Country,SLE,Sierra Leone,Year,2016,false,,,,,,,,,,,,,41.58,,,,,,41.58,,,EN,2025-12-18T16:00:00.000Z
MALARIA_ITN_COVERAGE,"Population with access to an insecticide-treated bed net (ITN) for malaria protection (%), modelled",numeric,AFR,Africa,Country,COG,Congo,Year,2016,false,,,,,,,,,,,,,42.69,,,,,,42.69,,,EN,2025-12-18T16:00:00.000Z
MALARIA_ITN_COVERAGE,"Population with access to an insecticide-treated bed net (ITN) for malaria protection (%), modelled",numeric,AFR,Africa,Country,ZWE,Zimbabwe,Year,2016,false,,,,,,,,,,,,,48.3,,,,,,48.3,,,EN,2025-12-18T16:00:00.000Z
MALARIA_ITN_COVERAGE,"Population with access to an insecticide-treated bed net (ITN) for malaria protection (%), modelled",numeric,AFR,Africa,Country,GIN,Guinea,Year,2016,false,,,,,,,,,,,,,49.99,,,,,,49.99,,,EN,2025-12-18T16:00:00.000Z
MALARIA_ITN_COVERAGE,"Population with access to an insecticide-treated bed net (ITN) for malaria protection (%), modelled",numeric,AFR,Africa,Country,SSD,South Sudan,Year,2016,false,,,,,,,,,,,,,50.67,,,,,,50.67,,,EN,2025-12-18T16:00:00.000Z
MALARIA_ITN_COVERAGE,"Population with access to an insecticide-treated bed net (ITN) for malaria protection (%), modelled",numeric,AFR,Africa,Country,MOZ,Mozambique,Year,2016,false,,,,,,,,,,,,,52.19,,,,,,52.19,,,EN,2025-12-18T16:00:00.000Z
MALARIA_ITN_COVERAGE,"Population with access to an insecticide-treated bed net (ITN) for malaria protection (%), modelled",numeric,AFR,Africa,Country,NGA,Nigeria,Year,2016,false,,,,,,,,,,,,,52.91,,,,,,52.91,,,EN,2025-12-18T16:00:00.000Z
MALARIA_ITN_COVERAGE,"Population with access to an insecticide-treated bed net (ITN) for malaria protection (%), modelled",numeric,EMR,Eastern Mediterranean,Country,DJI,Djibouti,Year,2016,false,,,,,,,,,,,,,6.34,,,,,,6.34,,,EN,2025-12-18T16:00:00.000Z
MALARIA_ITN_COVERAGE,"Population with access to an insecticide-treated bed net (ITN) for malaria protection (%), modelled",numeric,AFR,Africa,Country,MLI,Mali,Year,2016,false,,,,,,,,,,,,,60.16,,,,,,60.16,,,EN,2025-12-18T16:00:00.000Z
MALARIA_ITN_COVERAGE,"Population with access to an insecticide-treated bed net (ITN) for malaria protection (%), modelled",numeric,EMR,Eastern Mediterranean,Country,SDN,Sudan,Year,2016,false,,,,,,,,,,,,,60.45,,,,,,60.45,,,EN,2025-12-18T16:00:00.000Z
MALARIA_ITN_COVERAGE,"Population with access to an insecticide-treated bed net (ITN) for malaria protection (%), modelled",numeric,AFR,Africa,Country,CAF,Central African Republic,Year,2016,false,,,,,,,,,,,,,61,,,,,,61,,,EN,2025-12-18T16:00:00.000Z
MALARIA_ITN_COVERAGE,"Population with access to an insecticide-treated bed net (ITN) for malaria protection (%), modelled",numeric,AFR,Africa,Country,CIV,Cote d'Ivoire,Year,2016,false,,,,,,,,,,,,,61.36,,,,,,61.36,,,EN,2025-12-18T16:00:00.000Z
MALARIA_ITN_COVERAGE,"Population with access to an insecticide-treated bed net (ITN) for malaria protection (%), modelled",numeric,AFR,Africa,Country,KEN,Kenya,Year,2016,false,,,,,,,,,,,,,61.5,,,,,,61.5,,,EN,2025-12-18T16:00:00.000Z
MALARIA_ITN_COVERAGE,"Population with access to an insecticide-treated bed net (ITN) for malaria protection (%), modelled",numeric,AFR,Africa,Country,LBR,Liberia,Year,2016,false,,,,,,,,,,,,,61.65,,,,,,61.65,,,EN,2025-12-18T16:00:00.000Z
MALARIA_ITN_COVERAGE,"Population with access to an insecticide-treated bed net (ITN) for malaria protection (%), modelled",numeric,AFR,Africa,Country,RWA,Rwanda,Year,2016,false,,,,,,,,,,,,,62.24,,,,,,62.24,,,EN,2025-12-18T16:00:00.000Z
MALARIA_ITN_COVERAGE,"Population with access to an insecticide-treated bed net (ITN) for malaria protection (%), modelled",numeric,AFR,Africa,Country,TGO,Togo,Year,2016,false,,,,,,,,,,,,,62.81,,,,,,62.81,,,EN,2025-12-18T16:00:00.000Z
MALARIA_ITN_COVERAGE,"Population with access to an insecticide-treated bed net (ITN) for malaria protection (%), modelled",numeric,AFR,Africa,Country,MDG,Madagascar,Year,2016,false,,,,,,,,,,,,,63.38,,,,,,63.38,,,EN,2025-12-18T16:00:00.000Z
MALARIA_ITN_COVERAGE,"Population with access to an insecticide-treated bed net (ITN) for malaria protection (%), modelled",numeric,AFR,Africa,Country,MWI,Malawi,Year,2016,false,,,,,,,,,,,,,63.47,,,,,,63.47,,,EN,2025-12-18T16:00:00.000Z
MALARIA_ITN_COVERAGE,"Population with access to an insecticide-treated bed net (ITN) for malaria protection (%), modelled",numeric,AFR,Africa,Country,TZA,United Republic of Tanzania,Year,2016,false,,,,,,,,,,,,,65.28,,,,,,65.28,,,EN,2025-12-18T16:00:00.000Z
MALARIA_ITN_COVERAGE,"Population with access to an insecticide-treated bed net (ITN) for malaria protection (%), modelled",numeric,AFR,Africa,Country,UGA,Uganda,Year,2016,false,,,,,,,,,,,,,65.77,,,,,,65.77,,,EN,2025-12-18T16:00:00.000Z
MALARIA_ITN_COVERAGE,"Population with access to an insecticide-treated bed net (ITN) for malaria protection (%), modelled",numeric,AFR,Africa,Country,NER,Niger,Year,2016,false,,,,,,,,,,,,,65.78,,,,,,65.78,,,EN,2025-12-18T16:00:00.000Z
MALARIA_ITN_COVERAGE,"Population with access to an insecticide-treated bed net (ITN) for malaria protection (%), modelled",numeric,AFR,Africa,Country,COD,Democratic Republic of the Congo,Year,2016,false,,,,,,,,,,,,,68.86,,,,,,68.86,,,EN,2025-12-18T16:00:00.000Z
MALARIA_ITN_COVERAGE,"Population with access to an insecticide-treated bed net (ITN) for malaria protection (%), modelled",numeric,AFR,Africa,Country,MRT,Mauritania,Year,2016,false,,,,,,,,,,,,,7.32,,,,,,7.32,,,EN,2025-12-18T16:00:00.000Z
MALARIA_ITN_COVERAGE,"Population with access to an insecticide-treated bed net (ITN) for malaria protection (%), modelled",numeric,AFR,Africa,Country,CMR,Cameroon,Year,2016,false,,,,,,,,,,,,,70.15,,,,,,70.15,,,EN,2025-12-18T16:00:00.000Z
MALARIA_ITN_COVERAGE,"Population with access to an insecticide-treated bed net (ITN) for malaria protection (%), modelled",numeric,AFR,Africa,Country,GHA,Ghana,Year,2016,false,,,,,,,,,,,,,71.34,,,,,,71.34,,,EN,2025-12-18T16:00:00.000Z
MALARIA_ITN_COVERAGE,"Population with access to an insecticide-treated bed net (ITN) for malaria protection (%), modelled",numeric,AFR,Africa,Country,SEN,Senegal,Year,2016,false,,,,,,,,,,,,,71.75,,,,,,71.75,,,EN,2025-12-18T16:00:00.000Z
MALARIA_ITN_COVERAGE,"Population with access to an insecticide-treated bed net (ITN) for malaria protection (%), modelled",numeric,AFR,Africa,Country,BFA,Burkina Faso,Year,2016,false,,,,,,,,,,,,,72,,,,,,72,,,EN,2025-12-18T16:00:00.000Z
MALARIA_ITN_COVERAGE,"Population with access to an insecticide-treated bed net (ITN) for malaria protection (%), modelled",numeric,AFR,Africa,Country,COM,Comoros,Year,2016,false,,,,,,,,,,,,,76.62,,,,,,76.62,,,EN,2025-12-18T16:00:00.000Z
MALARIA_ITN_COVERAGE,"Population with access to an insecticide-treated bed net (ITN) for malaria protection (%), modelled",numeric,EMR,Eastern Mediterranean,Country,SOM,Somalia,Year,2015,false,,,,,,,,,,,,,15.06,,,,,,15.06,,,EN,2025-12-18T16:00:00.000Z
MALARIA_ITN_COVERAGE,"Population with access to an insecticide-treated bed net (ITN) for malaria protection (%), modelled",numeric,AFR,Africa,Country,SSD,South Sudan,Year,2015,false,,,,,,,,,,,,,18.84,,,,,,18.84,,,EN,2025-12-18T16:00:00.000Z
MALARIA_ITN_COVERAGE,"Population with access to an insecticide-treated bed net (ITN) for malaria protection (%), modelled",numeric,AFR,Africa,Country,GAB,Gabon,Year,2015,false,,,,,,,,,,,,,20.12,,,,,,20.12,,,EN,2025-12-18T16:00:00.000Z
MALARIA_ITN_COVERAGE,"Population with access to an insecticide-treated bed net (ITN) for malaria protection (%), modelled",numeric,AFR,Africa,Country,AGO,Angola,Year,2015,false,,,,,,,,,,,,,21.29,,,,,,21.29,,,EN,2025-12-18T16:00:00.000Z
MALARIA_ITN_COVERAGE,"Population with access to an insecticide-treated bed net (ITN) for malaria protection (%), modelled",numeric,AFR,Africa,Country,TCD,Chad,Year,2015,false,,,,,,,,,,,,,28.77,,,,,,28.77,,,EN,2025-12-18T16:00:00.000Z
MALARIA_ITN_COVERAGE,"Population with access to an insecticide-treated bed net (ITN) for malaria protection (%), modelled",numeric,AFR,Africa,Country,GNQ,Equatorial Guinea,Year,2015,false,,,,,,,,,,,,,29.65,,,,,,29.65,,,EN,2025-12-18T16:00:00.000Z
MALARIA_ITN_COVERAGE,"Population with access to an insecticide-treated bed net (ITN) for malaria protection (%), modelled",numeric,AFR,Africa,Country,MWI,Malawi,Year,2015,false,,,,,,,,,,,,,30.33,,,,,,30.33,,,EN,2025-12-18T16:00:00.000Z
MALARIA_ITN_COVERAGE,"Population with access to an insecticide-treated bed net (ITN) for malaria protection (%), modelled",numeric,AFR,Africa,Country,ERI,Eritrea,Year,2015,false,,,,,,,,,,,,,32.8,,,,,,32.8,,,EN,2025-12-18T16:00:00.000Z
MALARIA_ITN_COVERAGE,"Population with access to an insecticide-treated bed net (ITN) for malaria protection (%), modelled",numeric,AFR,Africa,Country,ETH,Ethiopia,Year,2015,false,,,,,,,,,,,,,40.24,,,,,,40.24,,,EN,2025-12-18T16:00:00.000Z
MALARIA_ITN_COVERAGE,"Population with access to an insecticide-treated bed net (ITN) for malaria protection (%), modelled",numeric,AFR,Africa,Country,GIN,Guinea,Year,2015,false,,,,,,,,,,,,,41.82,,,,,,41.82,,,EN,2025-12-18T16:00:00.000Z
MALARIA_ITN_COVERAGE,"Population with access to an insecticide-treated bed net (ITN) for malaria protection (%), modelled",numeric,AFR,Africa,Country,TZA,United Republic of Tanzania,Year,2015,false,,,,,,,,,,,,,44.5,,,,,,44.5,,,EN,2025-12-18T16:00:00.000Z
MALARIA_ITN_COVERAGE,"Population with access to an insecticide-treated bed net (ITN) for malaria protection (%), modelled",numeric,AFR,Africa,Country,ZWE,Zimbabwe,Year,2015,false,,,,,,,,,,,,,46.78,,,,,,46.78,,,EN,2025-12-18T16:00:00.000Z
MALARIA_ITN_COVERAGE,"Population with access to an insecticide-treated bed net (ITN) for malaria protection (%), modelled",numeric,AFR,Africa,Country,MRT,Mauritania,Year,2015,false,,,,,,,,,,,,,5.13,,,,,,5.13,,,EN,2025-12-18T16:00:00.000Z
MALARIA_ITN_COVERAGE,"Population with access to an insecticide-treated bed net (ITN) for malaria protection (%), modelled",numeric,AFR,Africa,Country,BFA,Burkina Faso,Year,2015,false,,,,,,,,,,,,,51.5,,,,,,51.5,,,EN,2025-12-18T16:00:00.000Z
MALARIA_ITN_COVERAGE,"Population with access to an insecticide-treated bed net (ITN) for malaria protection (%), modelled",numeric,AFR,Africa,Country,GMB,Gambia,Year,2015,false,,,,,,,,,,,,,53.21,,,,,,53.21,,,EN,2025-12-18T16:00:00.000Z
MALARIA_ITN_COVERAGE,"Population with access to an insecticide-treated bed net (ITN) for malaria protection (%), modelled",numeric,AFR,Africa,Country,COG,Congo,Year,2015,false,,,,,,,,,,,,,53.68,,,,,,53.68,,,EN,2025-12-18T16:00:00.000Z
MALARIA_ITN_COVERAGE,"Population with access to an insecticide-treated bed net (ITN) for malaria protection (%), modelled",numeric,AFR,Africa,Country,COD,Democratic Republic of the Congo,Year,2015,false,,,,,,,,,,,,,54.73,,,,,,54.73,,,EN,2025-12-18T16:00:00.000Z
MALARIA_ITN_COVERAGE,"Population with access to an insecticide-treated bed net (ITN) for malaria protection (%), modelled",numeric,AFR,Africa,Country,CMR,Cameroon,Year,2015,false,,,,,,,,,,,,,55.63,,,,,,55.63,,,EN,2025-12-18T16:00:00.000Z
MALARIA_ITN_COVERAGE,"Population with access to an insecticide-treated bed net (ITN) for malaria protection (%), modelled",numeric,AFR,Africa,Country,NGA,Nigeria,Year,2015,false,,,,,,,,,,,,,56.22,,,,,,56.22,,,EN,2025-12-18T16:00:00.000Z
MALARIA_ITN_COVERAGE,"Population with access to an insecticide-treated bed net (ITN) for malaria protection (%), modelled",numeric,AFR,Africa,Country,MOZ,Mozambique,Year,2015,false,,,,,,,,,,,,,57.73,,,,,,57.73,,,EN,2025-12-18T16:00:00.000Z
MALARIA_ITN_COVERAGE,"Population with access to an insecticide-treated bed net (ITN) for malaria protection (%), modelled",numeric,AFR,Africa,Country,CAF,Central African Republic,Year,2015,false,,,,,,,,,,,,,58.22,,,,,,58.22,,,EN,2025-12-18T16:00:00.000Z
MALARIA_ITN_COVERAGE,"Population with access to an insecticide-treated bed net (ITN) for malaria protection (%), modelled",numeric,AFR,Africa,Country,MLI,Mali,Year,2015,false,,,,,,,,,,,,,58.37,,,,,,58.37,,,EN,2025-12-18T16:00:00.000Z
MALARIA_ITN_COVERAGE,"Population with access to an insecticide-treated bed net (ITN) for malaria protection (%), modelled",numeric,EMR,Eastern Mediterranean,Country,SDN,Sudan,Year,2015,false,,,,,,,,,,,,,58.59,,,,,,58.59,,,EN,2025-12-18T16:00:00.000Z
MALARIA_ITN_COVERAGE,"Population with access to an insecticide-treated bed net (ITN) for malaria protection (%), modelled",numeric,AFR,Africa,Country,ZMB,Zambia,Year,2015,false,,,,,,,,,,,,,59.48,,,,,,59.48,,,EN,2025-12-18T16:00:00.000Z
MALARIA_ITN_COVERAGE,"Population with access to an insecticide-treated bed net (ITN) for malaria protection (%), modelled",numeric,AFR,Africa,Country,KEN,Kenya,Year,2015,false,,,,,,,,,,,,,59.64,,,,,,59.64,,,EN,2025-12-18T16:00:00.000Z
MALARIA_ITN_COVERAGE,"Population with access to an insecticide-treated bed net (ITN) for malaria protection (%), modelled",numeric,AFR,Africa,Country,NER,Niger,Year,2015,false,,,,,,,,,,,,,59.97,,,,,,59.97,,,EN,2025-12-18T16:00:00.000Z
MALARIA_ITN_COVERAGE,"Population with access to an insecticide-treated bed net (ITN) for malaria protection (%), modelled",numeric,EMR,Eastern Mediterranean,Country,DJI,Djibouti,Year,2015,false,,,,,,,,,,,,,6.25,,,,,,6.25,,,EN,2025-12-18T16:00:00.000Z
MALARIA_ITN_COVERAGE,"Population with access to an insecticide-treated bed net (ITN) for malaria protection (%), modelled",numeric,AFR,Africa,Country,COM,Comoros,Year,2015,false,,,,,,,,,,,,,60.14,,,,,,60.14,,,EN,2025-12-18T16:00:00.000Z
MALARIA_ITN_COVERAGE,"Population with access to an insecticide-treated bed net (ITN) for malaria protection (%), modelled",numeric,AFR,Africa,Country,SEN,Senegal,Year,2015,false,,,,,,,,,,,,,61.2,,,,,,61.2,,,EN,2025-12-18T16:00:00.000Z
MALARIA_ITN_COVERAGE,"Population with access to an insecticide-treated bed net (ITN) for malaria protection (%), modelled",numeric,AFR,Africa,Country,RWA,Rwanda,Year,2015,false,,,,,,,,,,,,,61.52,,,,,,61.52,,,EN,2025-12-18T16:00:00.000Z
MALARIA_ITN_COVERAGE,"Population with access to an insecticide-treated bed net (ITN) for malaria protection (%), modelled",numeric,AFR,Africa,Country,LBR,Liberia,Year,2015,false,,,,,,,,,,,,,62.13,,,,,,62.13,,,EN,2025-12-18T16:00:00.000Z
MALARIA_ITN_COVERAGE,"Population with access to an insecticide-treated bed net (ITN) for malaria protection (%), modelled",numeric,AFR,Africa,Country,BDI,Burundi,Year,2015,false,,,,,,,,,,,,,63.92,,,,,,63.92,,,EN,2025-12-18T16:00:00.000Z
MALARIA_ITN_COVERAGE,"Population with access to an insecticide-treated bed net (ITN) for malaria protection (%), modelled",numeric,AFR,Africa,Country,BEN,Benin,Year,2015,false,,,,,,,,,,,,,64.88,,,,,,64.88,,,EN,2025-12-18T16:00:00.000Z
MALARIA_ITN_COVERAGE,"Population with access to an insecticide-treated bed net (ITN) for malaria protection (%), modelled",numeric,AFR,Africa,Country,GNB,Guinea-Bissau,Year,2015,false,,,,,,,,,,,,,65.02,,,,,,65.02,,,EN,2025-12-18T16:00:00.000Z
MALARIA_ITN_COVERAGE,"Population with access to an insecticide-treated bed net (ITN) for malaria protection (%), modelled",numeric,AFR,Africa,Country,MDG,Madagascar,Year,2015,false,,,,,,,,,,,,,67.16,,,,,,67.16,,,EN,2025-12-18T16:00:00.000Z
MALARIA_ITN_COVERAGE,"Population with access to an insecticide-treated bed net (ITN) for malaria protection (%), modelled",numeric,AFR,Africa,Country,SLE,Sierra Leone,Year,2015,false,,,,,,,,,,,,,67.29,,,,,,67.29,,,EN,2025-12-18T16:00:00.000Z
MALARIA_ITN_COVERAGE,"Population with access to an insecticide-treated bed net (ITN) for malaria protection (%), modelled",numeric,AFR,Africa,Country,UGA,Uganda,Year,2015,false,,,,,,,,,,,,,68.17,,,,,,68.17,,,EN,2025-12-18T16:00:00.000Z
MALARIA_ITN_COVERAGE,"Population with access to an insecticide-treated bed net (ITN) for malaria protection (%), modelled",numeric,AFR,Africa,Country,GHA,Ghana,Year,2015,false,,,,,,,,,,,,,69.93,,,,,,69.93,,,EN,2025-12-18T16:00:00.000Z
MALARIA_ITN_COVERAGE,"Population with access to an insecticide-treated bed net (ITN) for malaria protection (%), modelled",numeric,AFR,Africa,Country,CIV,Cote d'Ivoire,Year,2015,false,,,,,,,,,,,,,76.08,,,,,,76.08,,,EN,2025-12-18T16:00:00.000Z
MALARIA_ITN_COVERAGE,"Population with access to an insecticide-treated bed net (ITN) for malaria protection (%), modelled",numeric,AFR,Africa,Country,TGO,Togo,Year,2015,false,,,,,,,,,,,,,78.3,,,,,,78.3,,,EN,2025-12-18T16:00:00.000Z
